pitch_type,game_date,release_speed,release_pos_x,release_pos_z,player_name,batter,pitcher,events,description,spin_dir,spin_rate_deprecated,break_angle_deprecated,break_length_deprecated,zone,des,game_type,stand,p_throws,home_team,away_team,type,hit_location,bb_type,balls,strikes,game_year,pfx_x,pfx_z,plate_x,plate_z,on_3b,on_2b,on_1b,outs_when_up,inning,inning_topbot,hc_x,hc_y,tfs_deprecated,tfs_zulu_deprecated,umpire,sv_id,vx0,vy0,vz0,ax,ay,az,sz_top,sz_bot,hit_distance_sc,launch_speed,launch_angle,effective_speed,release_spin_rate,release_extension,game_pk,fielder_2,fielder_3,fielder_4,fielder_5,fielder_6,fielder_7,fielder_8,fielder_9,release_pos_y,estimated_ba_using_speedangle,estimated_woba_using_speedangle,woba_value,woba_denom,babip_value,iso_value,launch_speed_angle,at_bat_number,pitch_number,pitch_name,home_score,away_score,bat_score,fld_score,post_away_score,post_home_score,post_bat_score,post_fld_score,if_fielding_alignment,of_fielding_alignment,spin_axis,delta_home_win_exp,delta_run_exp,bat_speed,swing_length,estimated_slg_using_speedangle,delta_pitcher_run_exp,hyper_speed,home_score_diff,bat_score_diff,home_win_exp,bat_win_exp,age_pit_legacy,age_bat_legacy,age_pit,age_bat,n_thruorder_pitcher,n_priorpa_thisgame_player_at_bat,pitcher_days_since_prev_game,batter_days_since_prev_game,pitcher_days_until_next_game,batter_days_until_next_game,api_break_z_with_gravity,api_break_x_arm,api_break_x_batter_in,arm_angle,attack_angle,attack_direction,swing_path_tilt,intercept_ball_minus_batter_pos_x_inches,intercept_ball_minus_batter_pos_y_inches
KC,2026-04-28,86.3,-2.8,5.34,"Varland, Louis",596115,686973,strikeout,swinging_strike,,,,,14,Trevor Story strikes out swinging.,R,R,R,TOR,BOS,S,2,,0,2,2026,0.76,-0.68,0.7889424612844191,0.9912210150319124,,,,2,9,Top,,,,,,,6.931618591099824,-125.48449121246084,-2.402572458483556,6.4672944345306576,27.55234880093694,-39.04412687986918,3.241945538,1.636122047,,,,87.0,2411,7.0,822823,623168,665489,676391,672960,665926,676914,662139,664702,53.51,,0.0,0.0,1,0,0,,66,4,Knuckle Curve,3,0,0,3,0,3,0,3,Standard,Standard,43,0.002,-0.16,72.8,8.5,,0.16,,3,-3,0.998,0.002,28,33,29,34,1,3,,,,,3.77,-0.76,-0.76,,22.08038459143953,-19.70366516381452,30.510918328606024,43.81610623070813,48.66332461188969
FF,2026-04-28,98.8,-2.47,5.51,"Varland, Louis",596115,686973,,foul,,,,,12,Foul,R,R,R,TOR,BOS,S,,,0,2,2026,-0.48,1.55,1.0759749824545009,3.0314848917539123,,,,2,9,Top,,,,,,,10.74742736190708,-143.51608649234507,-4.822011515235587,-9.160601623891967,32.92305706878886,-9.76039239186244,3.241945538,1.636122047,233,78.4,38,99.6,2316,6.8,822823,623168,665489,676391,672960,665926,676914,662139,664702,53.7,,,,,,,,66,3,4-Seam Fastball,3,0,0,3,0,3,0,3,Standard,Standard,211,0.0,0.0,61.6,6.7,,0.0,88.0,3,-3,0.998,0.002,28,33,29,34,1,3,,,,,0.79,0.48,0.48,,-5.045344761765538,17.597187582627438,23.83609869159745,50.780770492176046,13.651966489369851
FF,2026-04-28,99.3,-2.86,5.36,"Varland, Louis",596115,686973,,foul,,,,,14,Foul,R,R,R,TOR,BOS,S,,,0,1,2026,-0.32,1.52,1.0043031065747074,2.3067593234981,,,,2,9,Top,,,,,,,11.250526115878689,-144.0598804294632,-6.3662337876337025,-7.0835768251020115,33.80506119672598,-9.680881929049326,3.241945538,1.636122047,231,74.5,32,99.8,2337,6.8,822823,623168,665489,676391,672960,665926,676914,662139,664702,53.74,,,,,,,,66,2,4-Seam Fastball,3,0,0,3,0,3,0,3,Standard,Standard,213,0.001,-0.057,65.2,6.9,,0.057,88.0,3,-3,0.997,0.003,28,33,29,34,1,3,,,,,0.81,0.32,0.32,,-9.58813449366157,12.284540602077625,32.17876779247237,50.28947820498963,15.297028259132537
KC,2026-04-28,86.4,-2.6,5.43,"Varland, Louis",596115,686973,,called_strike,,,,,8,Called Strike,R,R,R,TOR,BOS,S,,,0,0,2026,0.57,-0.98,0.2188751415677107,1.719039024856596,,,,2,9,Top,,,,,,,5.504825361859122,-125.69027180444324,-0.3192766127248676,4.814077174662698,26.98882181768398,-42.66815729732778,3.241945538,1.636122047,,,,87.0,2458,6.8,822823,623168,665489,676391,672960,665926,676914,662139,664702,53.67,,,,,,,,66,1,Knuckle Curve,3,0,0,3,0,3,0,3,Standard,Standard,49,0.001,-0.043,,,,0.043,,3,-3,0.996,0.004,28,33,29,34,1,3,,,,,4.05,-0.57,-0.57,,,,,,
CH,2026-04-28,93.6,-2.89,5.24,"Varland, Louis",677800,686973,strikeout,swinging_strike,,,,,13,Wilyer Abreu strikes out swinging.,R,L,R,TOR,BOS,S,2,,1,2,2026,-0.83,-0.13,-0.028312759230209,0.9278947018775008,,,,1,9,Top,,,,,,,9.285950420427715,-136.03444553000577,-4.9343232388324765,-12.296876920836835,28.06686375789599,-32.922829454557906,3.117322835,1.573228347,,,,95.1,1663,7.1,822823,623168,665489,676391,672960,665926,676914,662139,664702,53.41,,0.0,0.0,1,0,0,,65,6,Changeup,3,0,0,3,0,3,0,3,Strategic,Standard,224,0.008,-0.18,76.1,7.8,,0.18,,3,-3,0.988,0.012,28,27,29,27,1,3,,,,,2.72,0.83,-0.83,,7.780588381253452,0.022026168866396,37.14925180978839,39.23274257255954,24.22214092886613
FF,2026-04-28,99.7,-2.96,5.41,"Varland, Louis",677800,686973,,ball,,,,,11,Ball,R,L,R,TOR,BOS,B,,,0,2,2026,-0.44,1.44,-1.1398941740012702,3.5089075967138155,,,,1,9,Top,,,,,,,6.014032834391504,-145.0665914003341,-3.1283790060645744,-7.661524165819615,33.67831135075076,-11.265482638599876,3.117322835,1.573228347,,,,99.9,2382,6.4,822823,623168,665489,676391,672960,665926,676914,662139,664702,54.11,,,,,,,,65,5,4-Seam Fastball,3,0,0,3,0,3,0,3,Strategic,Standard,213,-0.001,0.017,,,,-0.017,,3,-3,0.989,0.011,28,27,29,27,1,3,,,,,0.85,0.44,-0.44,,,,,,
CH,2026-04-28,92.8,-3.01,5.16,"Varland, Louis",677800,686973,,foul,,,,,13,Foul,R,L,R,TOR,BOS,S,,,0,2,2026,-0.64,0.03,-0.652893871247213,1.1034115417533847,,,,1,9,Top,,,,,,,7.47747447464323,-134.9590665206755,-4.472041807146742,-9.436391237800922,28.017373773403023,-31.106512543556747,3.117322835,1.573228347,1,65.7,-43,94.2,1685,7.0,822823,623168,665489,676391,672960,665926,676914,662139,664702,53.48,,,,,,,,65,4,Changeup,3,0,0,3,0,3,0,3,Strategic,Standard,232,0.0,0.0,48.6,6.8,,0.0,88.0,3,-3,0.989,0.011,28,27,29,27,1,3,,,,,2.61,0.64,-0.64,,-12.054449118466248,27.62742373134997,38.69961878918696,45.65518631094989,5.458072363135985
FF,2026-04-28,99.4,-2.96,5.36,"Varland, Louis",677800,686973,,foul,,,,,3,Foul,R,L,R,TOR,BOS,S,,,0,2,2026,-0.68,1.38,0.388063003006433,2.6443429609224967,,,,1,9,Top,,,,,,,10.804101970786942,-144.311958051699,-5.162878870558653,-12.079964863303,33.49512499185018,-11.820378250096356,3.117322835,1.573228347,224,68.2,38,100.5,2362,7.0,822823,623168,665489,676391,672960,665926,676914,662139,664702,53.49,,,,,,,,65,3,4-Seam Fastball,3,0,0,3,0,3,0,3,Infield shade,Standard,217,0.0,0.0,75.5,6.8,,0.0,88.0,3,-3,0.989,0.011,28,27,29,27,1,3,,,,,0.94,0.68,-0.68,,1.470560267197281,3.9013558267440818,34.72799695429228,33.05107511786207,19.14625859328487
KC,2026-04-28,86.8,-3.01,5.46,"Varland, Louis",677800,686973,,called_strike,,,,,8,Called Strike,R,L,R,TOR,BOS,S,,,0,1,2026,0.74,-0.68,-0.1492156416419237,1.8518470086748255,,,,1,9,Top,,,,,,,5.2470351075493795,-126.32209658949976,-0.7641129564343789,6.768779961992069,26.886334323490075,-39.518931348119345,3.117322835,1.573228347,,,,87.3,2543,6.7,822823,623168,665489,676391,672960,665926,676914,662139,664702,53.81,,,,,,,,65,2,Knuckle Curve,3,0,0,3,0,3,0,3,Infield shade,Standard,36,0.002,-0.052,,,,0.052,,3,-3,0.987,0.013,28,27,29,27,1,3,,,,,3.72,-0.74,0.74,,,,,,
FF,2026-04-28,99.4,-3.03,5.24,"Varland, Louis",677800,686973,,called_strike,,,,,3,Called Strike,R,L,R,TOR,BOS,S,,,0,0,2026,-0.81,1.35,0.3411068273823517,2.6674346756068266,,,,1,9,Top,,,,,,,11.170437557931985,-144.34068809077056,-4.718804961641635,-13.941702779057673,33.251023179861164,-12.316272564324946,3.117322835,1.573228347,,,,100.5,2310,7.0,822823,623168,665489,676391,672960,665926,676914,662139,664702,53.51,,,,,,,,65,1,4-Seam Fastball,3,0,0,3,0,3,0,3,Infield shade,Standard,221,0.002,-0.039,,,,0.039,,3,-3,0.985,0.015,28,27,29,27,1,3,,,,,0.96,0.81,-0.81,,,,,,
CH,2026-04-28,92.4,-2.93,5.35,"Varland, Louis",701350,686973,strikeout,swinging_strike,,,,,13,Roman Anthony strikes out swinging.,R,L,R,TOR,BOS,S,2,,1,2,2026,-0.9,0.07,-1.1826712030755189,2.3850218718261194,,,,0,9,Top,,,,,,,6.425675435865325,-134.5341977410632,-1.7651338882134096,-12.289331139287023,25.868750983229507,-31.14206740405094,3.326197507,1.678641732,,,,93.3,1527,6.5,822823,623168,665489,676391,672960,665926,676914,662139,664702,53.98,,0.0,0.0,1,0,0,,64,5,Changeup,3,0,0,3,0,3,0,3,Infield shade,Standard,230,0.013,-0.189,76.9,7.9,,0.189,,3,-3,0.972,0.028,28,22,29,22,1,3,,,,,2.57,0.9,-0.9,,15.372846027474928,-4.3416048043837465,24.511331362152116,47.9428748442603,40.37575875408062
CH,2026-04-28,92.8,-3.12,5.24,"Varland, Louis",701350,686973,,foul,,,,,13,Foul,R,L,R,TOR,BOS,S,,,1,2,2026,-1.06,0.12,-0.9929277010744956,2.1338695620938553,,,,0,9,Top,,,,,,,7.854975151281466,-135.0743060475727,-2.311419235806295,-14.646338807944668,26.48799014691488,-30.37736908389815,3.326197507,1.678641732,,,,94.6,1634,7.1,822823,623168,665489,676391,672960,665926,676914,662139,664702,53.37,,,,,,,,64,4,Changeup,3,0,0,3,0,3,0,3,Strategic,Standard,233,0.0,0.0,87.3,7.7,,0.0,,3,-3,0.972,0.028,28,22,29,22,1,3,,,,,2.5,1.06,-1.06,,7.72905710960678,3.527567952976802,34.54407986958583,45.06892458691683,30.609261598978065
KC,2026-04-28,87.4,-2.88,5.58,"Varland, Louis",701350,686973,,ball,,,,,14,Ball,R,L,R,TOR,BOS,B,,,0,2,2026,0.24,-0.95,0.2142305538341484,0.6665571698730584,,,,0,9,Top,,,,,,,6.892124046529135,-127.12646214054963,-3.411045551503789,1.167898277851649,27.10172822372926,-41.93008549981531,3.326197507,1.678641732,,,,87.9,2532,6.7,822823,623168,665489,676391,672960,665926,676914,662139,664702,53.81,,,,,,,,64,3,Knuckle Curve,3,0,0,3,0,3,0,3,Strategic,Standard,37,-0.002,0.024,,,,-0.024,,3,-3,0.974,0.026,28,22,29,22,1,3,,,,,3.95,-0.24,0.24,,,,,,
FF,2026-04-28,98.3,-2.92,5.36,"Varland, Louis",701350,686973,,called_strike,,,,,5,Called Strike,R,L,R,TOR,BOS,S,,,0,1,2026,-0.7,1.37,-0.190541414562268,2.753139953842388,,,,0,9,Top,,,,,,,9.064011215476812,-142.7969578887577,-4.695357000919004,-11.647460415180118,33.000584190525586,-12.458045158756637,3.326197507,1.678641732,,,,99.4,2332,7.0,822823,623168,665489,676391,672960,665926,676914,662139,664702,53.49,,,,,,,,64,2,4-Seam Fastball,3,0,0,3,0,3,0,3,Strategic,Standard,219,0.005,-0.055,,,,0.055,,3,-3,0.969,0.031,28,22,29,22,1,3,,,,,0.99,0.7,-0.7,,,,,,
FF,2026-04-28,99.3,-2.93,5.35,"Varland, Louis",701350,686973,,foul,,,,,5,Foul,R,L,R,TOR,BOS,S,,,0,0,2026,-0.78,1.31,0.0337111612692537,2.6352218716416966,,,,0,9,Top,,,,,,,10.012407321409222,-144.27661150126437,-4.976160906487513,-13.320013705818674,34.25596089738012,-12.9495967639461,3.326197507,1.678641732,250,81.1,39,100.4,2320,7.0,822823,623168,665489,676391,672960,665926,676914,662139,664702,53.47,,,,,,,,64,1,4-Seam Fastball,3,0,0,3,0,3,0,3,Strategic,Standard,220,0.003,-0.039,70.0,6.2,,0.039,88.0,3,-3,0.966,0.034,28,22,29,22,1,3,,,,,1.02,0.78,-0.78,,-11.817507449514158,28.37604023530792,33.49942035873912,33.34242470260115,20.739717330378895
SI,2026-04-28,84.2,-3.95,1.26,"Rogers, Tyler",575929,643511,field_out,hit_into_play,,,,,5,"Willson Contreras grounds out, second baseman Ernie Clement to first baseman Vladimir Guerrero Jr.",R,R,R,TOR,BOS,X,4,ground_ball,2,2,2026,-0.01,-0.94,0.0448769762966954,2.6189918025265193,,,,2,8,Top,137.95,143.78,,,,,9.073397799748582,-121.71254072324646,11.465416547309584,-1.885261062452345,23.681166731405277,-44.11899854947703,3.229658793,1.62992126,33,78.2,-2,83.3,2080,6.0,822823,623168,665489,676391,672960,665926,676914,662139,664702,54.48,0.137,0.129,0.0,1,0,0,2,60,5,Sinker,3,0,0,3,0,3,0,3,Standard,Standard,331,0.005,-0.224,76.6,6.6,0.144,0.224,88.0,3,-3,0.967,0.033,35,34,36,34,1,3,,,,,4.2,0.01,0.01,,-15.060572584000475,17.059409004393224,33.207976599773254,35.21100220854413,19.848361504489223
SL,2026-04-28,75.3,-3.63,1.21,"Rogers, Tyler",575929,643511,,ball,,,,,12,Ball,R,R,R,TOR,BOS,B,,,1,2,2026,1.25,0.6,1.90836534987594,2.774844319079833,,,,2,8,Top,,,,,,,8.97375700752246,-108.79878130732084,9.47144390696702,8.158579014248708,21.00769306616742,-29.64753278120984,3.229658793,1.62992126,,,,74.2,2528,6.1,822823,623168,665489,676391,672960,665926,676914,662139,664702,54.44,,,,,,,,60,4,Slider,3,0,0,3,0,3,0,3,Standard,Standard,118,-0.001,0.042,,,,-0.042,,3,-3,0.968,0.032,35,34,36,34,1,3,,,,,3.51,-1.25,-1.25,,,,,,
SL,2026-04-28,75.5,-3.67,1.37,"Rogers, Tyler",575929,643511,,ball,,,,,12,Ball,R,R,R,TOR,BOS,B,,,0,2,2026,1.3,0.64,2.6743567874727012,3.802070996333571,,,,2,8,Top,,,,,,,10.52100365071034,-108.6710333622161,11.22344967310966,8.095905019192731,21.790627561507836,-29.824583523108146,3.229658793,1.62992126,,,,74.0,2624,6.1,822823,623168,665489,676391,672960,665926,676914,662139,664702,54.37,,,,,,,,60,3,Slider,3,0,0,3,0,3,0,3,Standard,Standard,113,0.0,0.022,,,,-0.022,,3,-3,0.968,0.032,35,34,36,34,1,3,,,,,3.49,-1.3,-1.3,,,,,,
SL,2026-04-28,74.9,-3.66,1.33,"Rogers, Tyler",575929,643511,,swinging_strike,,,,,14,Swinging Strike,R,R,R,TOR,BOS,S,,,0,1,2026,1.31,0.7,1.5930830096158597,1.4664836155706884,,,,2,8,Top,,,,,,,8.257889235258764,-108.445834365291,6.422536028765645,8.664072005430567,21.18668894369081,-28.29493206360384,3.229658793,1.62992126,,,,73.8,2591,6.0,822823,623168,665489,676391,672960,665926,676914,662139,664702,54.47,,,,,,,,60,2,Slider,3,0,0,3,0,3,0,3,Standard,Standard,120,0.001,-0.057,62.5,8.9,,0.057,,3,-3,0.967,0.033,35,34,36,34,1,3,,,,,3.45,-1.31,-1.31,,22.661708683554306,-29.087739215785476,35.24863479823245,50.06657182858166,48.46495446004653
SI,2026-04-28,84.9,-3.76,1.33,"Rogers, Tyler",575929,643511,,foul,,,,,6,Foul,R,R,R,TOR,BOS,S,,,0,0,2026,-0.16,-0.98,0.6589785286709646,2.323354935168804,,,,2,8,Top,,,,,,,10.430201331085485,-122.64289555575012,10.752527408718992,-3.608825703826177,23.891580770730293,-44.621067601712745,3.229658793,1.62992126,277,91.9,46,84.2,1940,6.2,822823,623168,665489,676391,672960,665926,676914,662139,664702,54.29,,,,,,,,60,1,Sinker,3,0,0,3,0,3,0,3,Standard,Standard,328,0.001,-0.043,78.8,7.6,,0.043,91.9,3,-3,0.966,0.034,35,34,36,34,1,3,,,,,4.19,0.16,0.16,,-4.845823710277302,5.420480227394193,33.48653846632388,42.74874692556146,23.374142778151217
SI,2026-04-28,84.6,-3.81,1.23,"Rogers, Tyler",680776,643511,strikeout,called_strike,,,,,1,Jarren Duran called out on strikes.,R,L,R,TOR,BOS,S,2,,0,2,2026,-0.15,-1.06,-0.4858557812747868,2.9447747798330326,,,,1,8,Top,,,,,,,7.87312329805962,-122.2187899857512,12.519868261852322,-3.096631715948163,24.260196143707052,-45.60819241453532,3.229658793,1.62992126,,,,83.6,1920,6.0,822823,623168,665489,676391,672960,665926,676914,662139,664702,54.46,,0.0,0.0,1,0,0,,59,5,Sinker,3,0,0,3,0,3,0,3,Standard,Standard,331,0.009,-0.163,,,,0.163,,3,-3,0.957,0.043,35,29,36,30,1,3,,,,,4.29,0.15,-0.15,,,,,,
SI,2026-04-28,85.4,-3.65,1.31,"Rogers, Tyler",680776,643511,,foul,,,,,12,Foul,R,L,R,TOR,BOS,S,,,0,2,2026,-0.09,-1.28,1.1102288972340637,2.8282956758756015,,,,1,8,Top,,,,,,,11.082460132187018,-123.0516836006766,12.536243931799088,-3.115857479876049,24.588670397304,-48.09225179638226,3.229658793,1.62992126,,,,84.2,2064,6.1,822823,623168,665489,676391,672960,665926,676914,662139,664702,54.42,,,,,,,,59,4,Sinker,3,0,0,3,0,3,0,3,Standard,Standard,330,0.0,0.0,63.7,6.2,,0.0,,3,-3,0.957,0.043,35,29,36,30,1,3,,,,,4.46,0.09,-0.09,,4.2263905529832755,15.966706228576278,25.122988218121677,29.453461491274147,22.975758215272755
SI,2026-04-28,85.5,-3.7,1.29,"Rogers, Tyler",680776,643511,,foul,,,,,9,Foul,R,L,R,TOR,BOS,S,,,0,2,2026,-0.17,-1.13,0.6551380166976338,1.9844564181091504,,,,1,8,Top,,,,,,,10.364721469932055,-123.50401962605484,10.327263488564224,-3.748453330155835,24.51875432602259,-46.15072195172393,3.229658793,1.62992126,,,,84.6,1958,6.1,822823,623168,665489,676391,672960,665926,676914,662139,664702,54.37,,,,,,,,59,3,Sinker,3,0,0,3,0,3,0,3,Standard,Standard,326,0.0,0.0,69.7,5.8,,0.0,,3,-3,0.957,0.043,35,29,36,30,1,3,,,,,4.29,0.17,-0.17,,-15.719276706868683,40.80803977051235,28.142777573859384,34.746978396805375,10.17276838780921
SI,2026-04-28,84.2,-3.71,1.3,"Rogers, Tyler",680776,643511,,foul,,,,,5,Foul,R,L,R,TOR,BOS,S,,,0,1,2026,0.0,-1.08,0.1049003134788846,2.4994463690006947,,,,1,8,Top,,,,,,,8.638226558069736,-121.72820542762402,11.381952981166409,-1.607719523040344,23.3352081814796,-45.46567463537827,3.229658793,1.62992126,4,71.8,-34,83.4,1924,6.1,822823,623168,665489,676391,672960,665926,676914,662139,664702,54.42,,,,,,,,59,2,Sinker,3,0,0,3,0,3,0,3,Standard,Standard,329,0.004,-0.052,73.0,5.8,,0.052,88.0,3,-3,0.953,0.047,35,29,36,30,1,3,,,,,4.33,0.0,0.0,,-27.91500457136119,38.74148562207546,25.926483554546618,39.470159649324195,7.879628617126941
SI,2026-04-28,84.6,-3.78,1.28,"Rogers, Tyler",680776,643511,,called_strike,,,,,4,Called Strike,R,L,R,TOR,BOS,S,,,0,0,2026,-0.09,-1.08,-0.6349439957152917,2.632917914123925,,,,1,8,Top,,,,,,,7.345882420219559,-122.40436223909263,11.725683323189468,-2.340882309337007,23.928525303303164,-45.62944172541688,3.229658793,1.62992126,,,,83.8,1890,6.1,822823,623168,665489,676391,672960,665926,676914,662139,664702,54.42,,,,,,,,59,1,Sinker,3,0,0,3,0,3,0,3,Standard,Standard,325,0.002,-0.039,,,,0.039,,3,-3,0.951,0.049,35,29,36,30,1,3,,,,,4.3,0.09,-0.09,,,,,,
SL,2026-04-28,74.8,-3.69,1.33,"Rogers, Tyler",702332,643511,field_out,hit_into_play,,,,,12,Caleb Durbin lines out to first baseman Vladimir Guerrero Jr.,R,R,R,TOR,BOS,X,3,line_drive,1,2,2026,1.0,1.33,0.899073323493061,2.5981657647154006,,,,0,8,Top,155.51,163.82,,,,,7.468593184560352,-108.40861725007596,7.541595897152416,6.4981955312239235,19.95478227700168,-23.407742229836916,2.947063648,1.48730315,120,86.6,6,74.0,2396,6.0,822823,623168,665489,676391,672960,665926,676914,662139,664702,54.48,0.446,0.423,0.0,1,0,0,4,58,4,Slider,3,0,0,3,0,3,0,3,Standard,Strategic,120,0.016,-0.189,,,0.516,0.189,88.0,3,-3,0.935,0.0649999999999999,35,26,36,26,1,2,,,,,2.79,-1.0,-1.0,,,,,,
SL,2026-04-28,74.5,-3.64,1.36,"Rogers, Tyler",702332,643511,,ball,,,,,12,Ball,R,R,R,TOR,BOS,B,,,0,2,2026,1.09,1.38,1.821912425227867,2.759702306536066,,,,0,8,Top,,,,,,,9.031405285436156,-107.76561109596372,7.776857246468172,6.7864166762459455,19.95349216058694,-23.21120458011505,2.947063648,1.48730315,,,,73.6,2427,6.1,822823,623168,665489,676391,672960,665926,676914,662139,664702,54.4,,,,,,,,58,3,Slider,3,0,0,3,0,3,0,3,Standard,Strategic,116,-0.002,0.024,,,,-0.024,,3,-3,0.937,0.0629999999999999,35,26,36,26,1,2,,,,,2.79,-1.09,-1.09,,,,,,
SI,2026-04-28,83.3,-3.68,1.29,"Rogers, Tyler",702332,643511,,foul,,,,,6,Foul,R,R,R,TOR,BOS,S,,,0,1,2026,-0.28,-1.01,0.4131304113593879,2.2241425180993764,,,,0,8,Top,,,,,,,9.731588209976644,-120.3968873448772,10.68206920063658,-4.53914971689243,23.008153615229173,-44.424222557540375,2.947063648,1.48730315,269,93.7,17,82.5,2024,6.1,822823,623168,665489,676391,672960,665926,676914,662139,664702,54.4,,,,,,,,58,2,Sinker,3,0,0,3,0,3,0,3,Standard,Standard,326,0.006,-0.055,64.5,5.7,,0.055,93.7,3,-3,0.931,0.0689999999999999,35,26,36,26,1,2,,,,,4.33,0.28,0.28,,-10.515736753905456,30.34723898681693,29.38897029947254,39.36375864728717,15.176695739098852
SI,2026-04-28,83.5,-3.58,1.29,"Rogers, Tyler",702332,643511,,called_strike,,,,,12,Called Strike,R,R,R,TOR,BOS,S,,,0,0,2026,-0.22,-0.95,0.8983153374863311,2.758447534585825,,,,0,8,Top,,,,,,,10.494283946581092,-120.4670063323634,11.824914982209627,-4.139048037388302,23.247551261571846,-44.18520213941133,2.947063648,1.48730315,,,,82.7,1911,6.2,822823,623168,665489,676391,672960,665926,676914,662139,664702,54.27,,,,,,,,58,1,Sinker,3,0,0,3,0,3,0,3,Standard,Standard,329,0.003,-0.039,,,,0.039,,3,-3,0.928,0.0719999999999999,35,26,36,26,1,2,,,,,4.28,0.22,0.22,,,,,,
FS,2026-04-28,89.2,-2.74,5.46,"Hoffman, Jeff",691785,656546,field_out,hit_into_play,,,,,8,"Marcelo Mayer grounds out, first baseman Vladimir Guerrero Jr. to pitcher Jeff Hoffman.",R,L,R,TOR,BOS,X,3,ground_ball,1,1,2026,-1.16,-0.09,-0.2098082452147629,1.8911384089660648,,,,2,7,Top,148.24,167.98,,,,,8.656859214345147,-129.6466610474694,-2.35315204276843,-14.857140465745896,26.12483139869668,-32.945826738664515,3.341994751,1.686614173,2,82.1,-41,89.8,1733,6.6,822823,623168,665489,676391,672960,665926,676914,662139,664702,53.86,0.065,0.06,0.0,1,0,0,2,52,3,Split-Finger,3,0,0,3,0,3,0,3,Infield shade,Standard,246,0.008,-0.244,77.8,7.9,0.066,0.244,88.0,3,-3,0.933,0.0669999999999999,33,23,33,24,1,2,,,,,2.96,1.16,-1.16,,-0.3717433968447224,3.2665983229920292,31.40743446495554,40.82885085439908,24.53713330513809
FS,2026-04-28,90.8,-2.82,5.52,"Hoffman, Jeff",691785,656546,,ball,,,,,1,Ball,R,L,R,TOR,BOS,B,,,0,1,2026,-1.12,0.08,-0.8275276508912572,3.0932786894408864,,,,2,7,Top,,,,,,,7.376590012305781,-132.11936468266035,-0.1702517867944847,-14.613656186732218,26.97597654726409,-31.42363134774222,3.341994751,1.686614173,,,,91.1,1736,6.4,822823,623168,665489,676391,672960,665926,676914,662139,664702,54.09,,,,,,,,52,2,Split-Finger,3,0,0,3,0,3,0,3,Infield shade,Standard,248,-0.001,0.027,,,,-0.027,,3,-3,0.934,0.0659999999999999,33,23,33,24,1,2,,,,,2.68,1.12,-1.12,,,,,,
FF,2026-04-28,96.8,-2.55,5.65,"Hoffman, Jeff",691785,656546,,foul,,,,,12,Foul,R,L,R,TOR,BOS,S,,,0,0,2026,-1.18,1.4,0.2057170115135373,3.6797853832897074,,,,2,7,Top,,,,,,,10.019158310208168,-140.62326634395353,-2.7735065570040387,-17.879392937830158,32.156999686617034,-13.218726115395349,3.341994751,1.686614173,,,,97.0,2611,6.5,822823,623168,665489,676391,672960,665926,676914,662139,664702,53.98,,,,,,,,52,1,4-Seam Fastball,3,0,0,3,0,3,0,3,Infield shade,Standard,225,0.001,-0.043,73.0,6.5,,0.043,,3,-3,0.933,0.0669999999999999,33,23,33,24,1,2,,,,,1.05,1.18,-1.18,,-4.0217227952458225,18.4872119636383,24.37346392596479,34.90063400071405,17.06346230021233
FF,2026-04-28,98.3,-2.66,5.66,"Hoffman, Jeff",665966,656546,strikeout,swinging_strike,,,,,11,Carlos Narváez strikes out swinging.,R,R,R,TOR,BOS,S,2,,0,2,2026,-1.18,1.4,-0.2527970669162764,3.809979257854793,,,,1,7,Top,,,,,,,9.269332566052064,-142.8577827004459,-2.683835239745486,-18.26680440763224,33.2094531938656,-12.541326770156012,3.180511811,1.60511811,,,,98.9,2682,6.7,822823,623168,665489,676391,672960,665926,676914,662139,664702,53.8,,0.0,0.0,1,0,0,,51,3,4-Seam Fastball,3,0,0,3,0,3,0,3,Standard,Standard,229,0.01,-0.163,75.2,7.1,,0.163,,3,-3,0.923,0.0769999999999999,33,27,33,28,1,2,,,,,0.96,1.18,1.18,,11.417286921858356,1.7371494496115092,17.271254536514455,33.38184027876617,29.413387318757792
FF,2026-04-28,97.5,-2.8,5.62,"Hoffman, Jeff",665966,656546,,foul,,,,,5,Foul,R,R,R,TOR,BOS,S,,,0,1,2026,-1.17,1.32,0.1701609941765125,2.6166700400699625,,,,1,7,Top,,,,,,,10.635884721083356,-141.57241194485783,-5.413989310921741,-18.157566191810837,33.5319381247851,-13.348311860071084,3.180511811,1.60511811,267,84.6,37,97.5,2638,6.5,822823,623168,665489,676391,672960,665926,676914,662139,664702,53.99,,,,,,,,51,2,4-Seam Fastball,3,0,0,3,0,3,0,3,Standard,Standard,226,0.004,-0.052,66.6,6.9,,0.052,88.0,3,-3,0.919,0.0809999999999999,33,27,33,28,1,2,,,,,1.1,1.17,1.17,,-8.119226160467667,21.748323686370647,31.95445266584851,39.90959353719656,18.14237579161804
SI,2026-04-28,96.8,-2.7,5.65,"Hoffman, Jeff",665966,656546,,called_strike,,,,,7,Called Strike,R,R,R,TOR,BOS,S,,,0,0,2026,-1.39,1.07,-0.6781675164430605,2.020730221127459,,,,1,7,Top,,,,,,,8.569452450726883,-140.56328823412906,-6.397707792332062,-20.352335850794336,32.24570844969132,-16.652028918482166,3.180511811,1.60511811,,,,96.9,2440,6.5,822823,623168,665489,676391,672960,665926,676914,662139,664702,54.02,,,,,,,,51,1,Sinker,3,0,0,3,0,3,0,3,Standard,Standard,230,0.002,-0.039,,,,0.039,,3,-3,0.917,0.0829999999999999,33,27,33,28,1,2,,,,,1.37,1.39,1.39,,,,,,
SL,2026-04-28,88.2,-2.91,5.63,"Hoffman, Jeff",807799,656546,strikeout,called_strike,,,,,4,Masataka Yoshida called out on strikes.,R,L,R,TOR,BOS,S,2,,1,2,2026,-0.09,0.36,-0.5416907178290142,2.2097462547281097,,,,0,7,Top,,,,,,,5.903549999862062,-128.3873893930142,-2.7737074422403607,-2.256668780685006,26.317313206807903,-27.864131793280837,3.021661745,1.524950787,,,,88.4,2693,6.4,822823,623168,665489,676391,672960,665926,676914,662139,664702,54.13,,0.0,0.0,1,0,0,,50,4,Slider,3,0,0,3,0,3,0,3,Infield shade,Standard,247,0.017,-0.189,,,,0.189,,3,-3,0.9,0.0999999999999999,33,32,33,33,1,2,,,,,2.57,0.09,-0.09,,,,,,
FF,2026-04-28,95.9,-2.65,5.64,"Hoffman, Jeff",807799,656546,,foul,,,,,3,Foul,R,L,R,TOR,BOS,S,,,1,1,2026,-1.02,1.4,0.5112926953202328,2.603804955798706,,,,0,7,Top,,,,,,,10.587567867987689,-139.11419603870186,-5.397815463096359,-15.70818887651013,32.50132959095241,-12.910676109382084,3.021661745,1.524950787,168,61.0,33,95.7,2640,6.4,822823,623168,665489,676391,672960,665926,676914,662139,664702,54.07,,,,,,,,50,3,4-Seam Fastball,3,0,0,3,0,3,0,3,Infield shade,Standard,230,0.006,-0.061,66.0,5.7,,0.061,88.0,3,-3,0.894,0.1059999999999999,33,32,33,33,1,2,,,,,1.1,1.02,-1.02,,-14.775783043841551,26.209669368557613,37.54781220523978,28.723789011596843,17.874588714880097
FS,2026-04-28,89.1,-2.91,5.53,"Hoffman, Jeff",807799,656546,,ball,,,,,11,Ball,R,L,R,TOR,BOS,B,,,0,1,2026,-1.24,0.16,-1.0867445825940898,3.631245013934489,,,,0,7,Top,,,,,,,7.086304141468554,-129.5781566963269,1.206030158702739,-15.399296508958562,26.477601644271957,-30.84366967683223,3.021661745,1.524950787,,,,89.6,1789,6.5,822823,623168,665489,676391,672960,665926,676914,662139,664702,53.95,,,,,,,,50,2,Split-Finger,3,0,0,3,0,3,0,3,Infield shade,Standard,241,-0.003,0.031,,,,-0.031,,3,-3,0.897,0.1029999999999999,33,32,33,33,1,2,,,,,2.71,1.24,-1.24,,,,,,
SL,2026-04-28,87.3,-2.82,5.71,"Hoffman, Jeff",807799,656546,,called_strike,,,,,3,Called Strike,R,L,R,TOR,BOS,S,,,0,0,2026,0.27,0.48,0.6534034379560407,2.6119417229284494,,,,0,7,Top,,,,,,,7.693041822772726,-126.95848270822232,-2.080742217036782,1.2742140404019362,26.58360321916469,-26.746748655548902,3.021661745,1.524950787,,,,87.3,2684,6.4,822823,623168,665489,676391,672960,665926,676914,662139,664702,54.12,,,,,,,,50,1,Slider,3,0,0,3,0,3,0,3,Infield shade,Standard,217,0.004,-0.039,,,,0.039,,3,-3,0.893,0.1069999999999999,33,32,33,33,1,2,,,,,2.52,-0.27,0.27,,,,,,
FC,2026-04-28,91.2,3.56,5.83,"Fluharty, Mason",596115,689254,field_out,hit_into_play,,,,,1,Trevor Story flies out to center fielder Daulton Varsho.,R,R,L,TOR,BOS,X,8,fly_ball,1,1,2026,-0.24,0.69,-0.3738935899214979,3.2576065733262873,,,677800,2,6,Top,104.67,71.87,,,,,-9.317966207608327,-132.66740877520826,-1.942682495244656,-0.9033426384845782,26.90491875218929,-23.800483732792205,3.241945538,1.636122047,320,84.3,29,92.1,2578,6.7,822823,623168,665489,676391,672960,665926,676914,662139,664702,53.78,0.051,0.056,0.0,1,0,0,3,45,3,Cutter,3,0,0,3,0,3,0,3,Standard,Standard,166,0.02,-0.255,70.3,6.8,0.097,0.255,88.0,3,-3,0.891,0.1089999999999999,24,33,25,34,1,2,,,,,2.04,-0.24,0.24,,26.57680857746893,13.109167314203404,23.024025491675506,34.37051331757121,29.758776790982033
FC,2026-04-28,89.6,3.71,5.8,"Fluharty, Mason",596115,689254,,foul,,,,,3,Foul,R,R,L,TOR,BOS,S,,,1,0,2026,-0.6,0.73,0.6187970065463656,2.838686523650013,,,677800,2,6,Top,,,,,,,-6.315749611442639,-130.43114237591342,-2.718854062190764,-5.610294025713703,26.34046878901843,-23.51247448150288,3.241945538,1.636122047,4,72.0,-35,90.7,2543,6.8,822823,623168,665489,676391,672960,665926,676914,662139,664702,53.67,,,,,,,,45,2,Cutter,3,0,0,3,0,3,0,3,Standard,Standard,174,0.003,-0.05,72.7,6.9,,0.05,88.0,3,-3,0.888,0.1119999999999999,24,33,25,34,1,2,,,,,2.1,-0.6,0.6,,7.967681054850352,16.486399507119987,19.11038274623138,45.855538415241014,23.291192769577293
FC,2026-04-28,91.6,3.65,5.96,"Fluharty, Mason",596115,689254,,ball,,,,,12,Ball,R,R,L,TOR,BOS,B,,,0,0,2026,-0.34,1.0,0.8254292419401298,3.647594233337247,,,677800,2,6,Top,,,,,,,-6.335540402707074,-133.33138769938063,-2.0462359664130845,-2.853343896152301,25.77331996151272,-19.99143702718297,3.241945538,1.636122047,,,,92.7,2552,6.7,822823,623168,665489,676391,672960,665926,676914,662139,664702,53.8,,,,,,,,45,1,Cutter,3,0,0,3,0,3,0,3,Standard,Standard,166,-0.002,0.035,,,,-0.035,,3,-3,0.89,0.1099999999999999,24,33,25,34,1,2,,,,,1.7,-0.34,0.34,,,,,,
ST,2026-04-28,81.3,3.54,5.88,"Fluharty, Mason",677800,689254,walk,ball,,,,,13,Wilyer Abreu walks.,R,L,L,TOR,BOS,B,,,3,2,2026,-1.17,-0.27,-0.9090362208508328,0.9389651286232344,,,,2,6,Top,,,,,,,-7.632390527053598,-118.11418612213792,-3.6561658229710474,-9.352150742254077,23.90777531388213,-34.14201263747336,3.117322835,1.573228347,,,,81.9,2683,6.9,822823,623168,665489,676391,672960,665926,676914,662139,664702,53.56,,0.707551,0.7,1,0,0,,44,6,Sweeper,3,0,0,3,0,3,0,3,Infield shade,Standard,305,-0.01,0.259,,,,-0.259,,3,-3,0.9,0.0999999999999999,24,27,25,27,1,2,,,,,3.75,-1.17,-1.17,,,,,,
FC,2026-04-28,92.6,3.75,5.85,"Fluharty, Mason",677800,689254,,ball,,,,,11,Ball,R,L,L,TOR,BOS,B,,,2,2,2026,-0.32,0.91,-0.1047972200734432,3.707811769549771,,,,2,6,Top,,,,,,,-9.07938070940631,-134.69440032584717,-1.566391574650707,-2.1024284041731423,26.68892404404175,-20.910140720642,3.117322835,1.573228347,,,,93.8,2530,6.8,822823,623168,665489,676391,672960,665926,676914,662139,664702,53.7,,,,,,,,44,5,Cutter,3,0,0,3,0,3,0,3,Infield shade,Standard,164,-0.003,0.104,,,,-0.104,,3,-3,0.903,0.0969999999999999,24,27,25,27,1,2,,,,,1.73,-0.32,-0.32,,,,,,
FC,2026-04-28,90.4,3.75,5.77,"Fluharty, Mason",677800,689254,,swinging_strike,,,,,5,Swinging Strike,R,L,L,TOR,BOS,S,,,2,1,2026,-0.39,0.83,0.1714623115424953,2.524396497919114,,,,2,6,Top,,,,,,,-8.010934618558835,-131.5196584322137,-3.8478053854293703,-3.123969569025013,24.335513015064397,-21.863683225733748,3.117322835,1.573228347,,,,91.6,2592,6.7,822823,623168,665489,676391,672960,665926,676914,662139,664702,53.77,,,,,,,,44,4,Cutter,3,0,0,3,0,3,0,3,Infield shade,Standard,160,0.002,-0.073,77.1,6.4,,0.073,,3,-3,0.901,0.0989999999999999,24,27,25,27,1,2,,,,,1.93,-0.39,-0.39,,-3.4400523375908305,10.400574153658813,38.3371205699718,35.124178136887494,18.953531357356123
FC,2026-04-28,90.3,3.82,5.75,"Fluharty, Mason",677800,689254,,called_strike,,,,,6,Called Strike,R,L,L,TOR,BOS,S,,,2,0,2026,-0.57,0.78,0.6570605904040461,2.6332732911201084,,,,2,6,Top,,,,,,,-6.599070776769227,-131.50156127103423,-3.403887946093114,-5.3987737437127565,24.8729175492293,-22.523102597375583,3.117322835,1.573228347,,,,91.6,2592,6.8,822823,623168,665489,676391,672960,665926,676914,662139,664702,53.74,,,,,,,,44,3,Cutter,3,0,0,3,0,3,0,3,Infield shade,Standard,160,0.003,-0.066,,,,0.066,,3,-3,0.898,0.1019999999999999,24,27,25,27,1,2,,,,,1.98,-0.57,-0.57,,,,,,
FC,2026-04-28,89.4,3.74,5.69,"Fluharty, Mason",677800,689254,,ball,,,,,13,Ball,R,L,L,TOR,BOS,B,,,1,0,2026,-0.34,0.79,-1.0507314013122793,0.9047860349046302,,,,2,6,Top,,,,,,,-11.010692370968188,-129.69643184181763,-7.305630770405854,-1.6953212393070376,25.29297768824449,-21.84155153323882,3.117322835,1.573228347,,,,90.4,2673,6.9,822823,623168,665489,676391,672960,665926,676914,662139,664702,53.59,,,,,,,,44,2,Cutter,3,0,0,3,0,3,0,3,Infield shade,Standard,173,-0.003,0.065,,,,-0.065,,3,-3,0.901,0.0989999999999999,24,27,25,27,1,2,,,,,2.06,-0.34,-0.34,,,,,,
ST,2026-04-28,81.9,3.66,5.94,"Fluharty, Mason",677800,689254,,ball,,,,,12,Ball,R,L,L,TOR,BOS,B,,,0,0,2026,-0.97,0.51,0.4478906869039873,4.111233154113666,,,,2,6,Top,,,,,,,-5.291827437811907,-119.1366073124882,1.651982768660277,-8.192308136049752,23.413098300880243,-27.90068486355595,3.117322835,1.573228347,,,,82.5,2630,6.8,822823,623168,665489,676391,672960,665926,676914,662139,664702,53.74,,,,,,,,44,1,Sweeper,3,0,0,3,0,3,0,3,Infield shade,Standard,286,-0.001,0.037,,,,-0.037,,3,-3,0.902,0.0979999999999999,24,27,25,27,1,2,,,,,2.9,-0.97,-0.97,,,,,,
ST,2026-04-28,84.7,3.54,5.94,"Fluharty, Mason",701350,689254,field_out,hit_into_play,,,,,4,Roman Anthony grounds out to first baseman Vladimir Guerrero Jr.,R,L,L,TOR,BOS,X,3,ground_ball,1,2,2026,-1.28,-0.12,-0.5038766996443094,2.3154707461729225,,,,1,6,Top,151.27,165.56,,,,,-6.78789205448274,-123.1973771198852,-1.617332884412265,-11.48120128953339,26.16969641500495,-33.28204906415884,3.326197507,1.678641732,4,79.3,-30,85.4,2806,6.9,822823,623168,665489,676391,672960,665926,676914,662139,664702,53.58,0.046,0.041,0.0,1,0,0,2,43,4,Sweeper,3,0,0,3,0,3,0,3,Infield shade,Standard,297,0.011,-0.18,,,0.047,0.18,88.0,3,-3,0.891,0.1089999999999999,24,22,25,22,1,2,,,,,3.32,-1.28,-1.28,,,,,,
ST,2026-04-28,80.8,3.55,6.04,"Fluharty, Mason",701350,689254,,foul,,,,,9,Foul,R,L,L,TOR,BOS,S,,,1,1,2026,-0.98,-0.33,0.5297730095677274,1.7975302892505916,,,,1,6,Top,,,,,,,-4.77765242667369,-117.46999033272591,-1.7418570856456723,-7.834450844440297,27.330198454179374,-35.059682817417276,3.326197507,1.678641732,4,91.6,-28,80.8,2634,6.9,822823,623168,665489,676391,672960,665926,676914,662139,664702,53.6,,,,,,,,43,3,Sweeper,3,0,0,3,0,3,0,3,Standard,Standard,309,0.003,-0.064,75.9,7.4,,0.064,91.6,3,-3,0.888,0.1119999999999999,24,22,25,22,1,2,,,,,3.9,-0.98,-0.98,,12.131759907107256,-9.787359369591208,40.543939065283574,27.100995581949917,40.6001035308253
FC,2026-04-28,90.2,3.75,5.74,"Fluharty, Mason",701350,689254,,called_strike,,,,,5,Called Strike,R,L,L,TOR,BOS,S,,,1,0,2026,-0.2,0.99,0.1587087238564858,2.254335192521083,,,,1,6,Top,,,,,,,-8.45575311674668,-131.12885280121804,-4.693763723454557,-0.6206194594475588,26.73290580436156,-19.949209738412232,3.326197507,1.678641732,,,,91.2,2574,6.8,822823,623168,665489,676391,672960,665926,676914,662139,664702,53.66,,,,,,,,43,2,Cutter,3,0,0,3,0,3,0,3,Standard,Standard,141,0.004,-0.049,,,,0.049,,3,-3,0.884,0.1159999999999999,24,22,25,22,1,2,,,,,1.81,-0.2,-0.2,,,,,,
FC,2026-04-28,90.9,3.85,5.71,"Fluharty, Mason",701350,689254,,ball,,,,,14,Ball,R,L,L,TOR,BOS,B,,,0,0,2026,-0.21,0.74,0.2421621095505969,1.0899323308035989,,,,1,6,Top,,,,,,,-8.524635721008488,-132.08103495193484,-7.071065778810707,-0.690938468176907,27.979209799193807,-22.128237968779644,3.326197507,1.678641732,,,,91.6,2523,6.8,822823,623168,665489,676391,672960,665926,676914,662139,664702,53.7,,,,,,,,43,1,Cutter,3,0,0,3,0,3,0,3,Standard,Standard,154,-0.003,0.039,,,,-0.039,,3,-3,0.887,0.1129999999999999,24,22,25,22,1,2,,,,,2.02,-0.21,-0.21,,,,,,
SL,2026-04-28,86.5,-0.45,7.19,"Yesavage, Trey",575929,702056,strikeout,swinging_strike,,,,,11,Willson Contreras strikes out swinging.,R,R,R,TOR,BOS,S,2,,2,2,2026,-0.09,0.5,-0.4946438517691575,3.7341525334824666,,,,0,6,Top,,,,,,,0.0701426991655222,-126.01237644999703,-2.892645890267767,-0.9558705482770224,24.344877260507644,-26.439975749119135,3.229658793,1.62992126,,,,85.9,2150,5.7,822823,623168,665489,676391,672960,665926,676914,662139,664702,54.8,,0.0,0.0,1,0,0,,42,5,Slider,3,0,0,3,0,3,0,3,Strategic,Standard,200,0.02,-0.232,70.0,6.0,,0.232,,3,-3,0.867,0.133,22,34,23,34,3,2,,,,,2.52,0.09,0.09,,-8.24104553401143,28.94332345279472,27.71328069449943,29.787054547042057,13.484554632224166
FF,2026-04-28,93.5,-0.2,7.07,"Yesavage, Trey",575929,702056,,ball,,,,,12,Ball,R,R,R,TOR,BOS,B,,,1,2,2026,-0.43,1.76,1.860424339842059,3.3322680268266827,,,,0,6,Top,,,,,,,6.16684658122835,-135.88633630904718,-7.582188980696514,-6.649337097498873,29.50511138177862,-8.872768376805304,3.229658793,1.62992126,,,,93.2,2303,6.2,822823,623168,665489,676391,672960,665926,676914,662139,664702,54.32,,,,,,,,42,4,4-Seam Fastball,3,0,0,3,0,3,0,3,Strategic,Standard,199,-0.003,0.043,,,,-0.043,,3,-3,0.87,0.13,22,34,23,34,3,2,,,,,0.85,0.43,0.43,,,,,,
FS,2026-04-28,81.5,-0.35,7.19,"Yesavage, Trey",575929,702056,,foul,,,,,4,Foul,R,R,R,TOR,BOS,S,,,1,1,2026,-1.08,0.27,-0.3070854114502132,2.7362869962490635,,,,0,6,Top,,,,,,,2.19884958920912,-118.65771084787508,-3.675085704558211,-10.66429275030158,22.61306235982884,-29.16393397208042,3.229658793,1.62992126,121,74.0,77,81.0,1633,5.9,822823,623168,665489,676391,672960,665926,676914,662139,664702,54.6,,,,,,,,42,3,Split-Finger,3,0,0,3,0,3,0,3,Strategic,Standard,217,0.006,-0.061,77.9,8.6,,0.061,88.0,3,-3,0.864,0.136,22,34,23,34,3,2,,,,,3.16,1.08,1.08,,16.24925914456576,-32.93478407428039,33.6455330898011,33.394000191892005,36.26601779173615
FS,2026-04-28,81.7,-0.35,7.14,"Yesavage, Trey",575929,702056,,ball,,,,,13,Ball,R,R,R,TOR,BOS,B,,,0,1,2026,-1.03,0.75,-0.585473436597262,0.3219327004618231,,,,0,6,Top,,,,,,,1.4664172672672977,-118.7126681602366,-9.86020641690299,-9.995168976539729,22.546677119467503,-23.405170612219543,3.229658793,1.62992126,,,,81.2,1764,6.0,822823,623168,665489,676391,672960,665926,676914,662139,664702,54.52,,,,,,,,42,2,Split-Finger,3,0,0,3,0,3,0,3,Strategic,Standard,215,-0.003,0.031,,,,-0.031,,3,-3,0.867,0.133,22,34,23,34,3,2,,,,,2.67,1.03,1.03,,,,,,
FF,2026-04-28,92.8,-0.33,6.97,"Yesavage, Trey",575929,702056,,called_strike,,,,,14,Called Strike,R,R,R,TOR,BOS,S,,,0,0,2026,-0.18,1.61,0.9238133628977296,2.1593745482160003,,,,0,6,Top,,,,,,,3.5583392646656256,-134.78461584490427,-9.767088664443596,-3.0110885556457703,29.063826872814037,-10.56692821823108,3.229658793,1.62992126,,,,92.3,2202,6.1,822823,623168,665489,676391,672960,665926,676914,662139,664702,54.41,,,,,,,,42,1,4-Seam Fastball,3,0,0,3,0,3,0,3,Strategic,Standard,193,0.004,-0.039,,,,0.039,,3,-3,0.863,0.137,22,34,23,34,3,2,,,,,1.04,0.18,0.18,,,,,,
SL,2026-04-28,88.3,-0.43,7.12,"Yesavage, Trey",680776,702056,field_out,hit_into_play,,,,,12,Jarren Duran lines out to center fielder Daulton Varsho.,R,L,R,TOR,BOS,X,8,line_drive,0,2,2026,-0.16,0.59,1.0797686468919667,2.4966859593534165,,,,2,5,Top,143.82,87.55,,,,,3.9451508165254374,-128.55339810537993,-6.19648569325767,-2.586126639423111,24.52622623572228,-24.555298830356623,3.229658793,1.62992126,281,79.1,26,88.1,2276,5.9,822823,623168,665489,676391,672960,665926,676914,662139,664702,54.57,0.329,0.299,0.0,1,0,0,3,35,4,Slider,2,0,0,2,0,2,0,2,Infield shade,Standard,203,0.007,-0.16,76.2,7.1,0.379,0.16,88.0,2,-2,0.805,0.1949999999999999,22,29,23,30,3,2,,,,,2.31,0.16,-0.16,,3.601249573355365,0.6990108801272628,27.839634603771067,29.777557783420225,29.5492592882772
FF,2026-04-28,94.0,-0.33,7.08,"Yesavage, Trey",680776,702056,,foul,,,,,12,Foul,R,L,R,TOR,BOS,S,,,0,2,2026,-0.47,1.59,0.3148678274863117,3.657516472512041,,,,2,5,Top,,,,,,,2.669018668359416,-136.773544510822,-6.484452491753125,-6.442064624364961,29.91501736828523,-10.962144108592172,3.229658793,1.62992126,208,73.5,47,93.4,2221,5.9,822823,623168,665489,676391,672960,665926,676914,662139,664702,54.61,,,,,,,,35,3,4-Seam Fastball,2,0,0,2,0,2,0,2,Strategic,Standard,198,0.0,0.0,66.7,6.4,,0.0,88.0,2,-2,0.805,0.1949999999999999,22,29,23,30,3,2,,,,,0.99,0.47,-0.47,,3.021238286469788,18.378984463516968,14.171624606591257,38.2676882877972,17.930186602602408
FF,2026-04-28,94.4,-0.24,7.03,"Yesavage, Trey",680776,702056,,foul,,,,,12,Foul,R,L,R,TOR,BOS,S,,,0,1,2026,-0.13,1.58,1.0188236688972203,3.3328487071914337,,,,2,5,Top,,,,,,,3.5170315834276904,-137.30855839185526,-7.216373707475121,-2.412490836519278,32.5419752035057,-10.780756657856369,3.229658793,1.62992126,152,75.8,13,93.8,2298,6.1,822823,623168,665489,676391,672960,665926,676914,662139,664702,54.37,,,,,,,,35,2,4-Seam Fastball,2,0,0,2,0,2,0,2,Infield shade,Standard,199,0.003,-0.057,69.2,5.9,,0.057,88.0,2,-2,0.802,0.1979999999999999,22,29,23,30,3,2,,,,,0.99,0.13,-0.13,,1.843052581820152,25.756472527245737,25.614537478154737,29.707545150032065,19.34644665322731
FF,2026-04-28,93.7,-0.27,7.06,"Yesavage, Trey",680776,702056,,called_strike,,,,,13,Called Strike,R,L,R,TOR,BOS,S,,,0,0,2026,-0.21,1.55,-0.0269248573361029,1.408819926517019,,,,2,5,Top,,,,,,,1.068258156745394,-135.92624219468476,-11.914869736633037,-2.7974056650481427,31.68457413127508,-10.46684353276279,3.229658793,1.62992126,,,,92.8,2262,6.1,822823,623168,665489,676391,672960,665926,676914,662139,664702,54.42,,,,,,,,35,1,4-Seam Fastball,2,0,0,2,0,2,0,2,Infield shade,Standard,198,0.002,-0.043,,,,0.043,,2,-2,0.8,0.1999999999999999,22,29,23,30,3,2,,,,,1.07,0.21,-0.21,,,,,,
FS,2026-04-28,80.8,-0.33,7.18,"Yesavage, Trey",702332,702056,field_out,hit_into_play,,,,,1,Caleb Durbin pops out to shortstop Andrés Giménez.,R,R,R,TOR,BOS,X,6,popup,0,2,2026,-0.88,0.25,-0.4909110077856066,2.7927167582164576,,,,1,5,Top,107.09,128.68,,,,,1.3435040218016845,-117.76142982515104,-3.395318592241758,-8.469327488560252,22.025402983820793,-29.392638405742016,2.947063648,1.48730315,186,61.8,45,80.4,1331,5.9,822823,623168,665489,676391,672960,665926,676914,662139,664702,54.59,0.231,0.231,0.0,1,0,0,3,34,3,Split-Finger,2,0,0,2,0,2,0,2,Standard,Standard,226,0.012,-0.163,69.1,6.2,0.286,0.163,88.0,2,-2,0.788,0.2119999999999999,22,26,23,26,2,1,,,,,3.22,0.88,0.88,,7.999205932066546,1.4432439925547396,24.68811300069651,28.65079922776168,29.231708959140672
FS,2026-04-28,82.1,-0.44,7.15,"Yesavage, Trey",702332,702056,,foul,,,,,13,Foul,R,R,R,TOR,BOS,S,,,0,1,2026,-0.95,0.37,-1.129877545992997,1.982632280371906,,,,1,5,Top,,,,,,,0.3193821760225325,-119.61259753615468,-5.632887852889287,-9.224663816595966,22.152957665159526,-27.810426609204804,2.947063648,1.48730315,,,,81.9,1354,6.0,822823,623168,665489,676391,672960,665926,676914,662139,664702,54.47,,,,,,,,34,2,Split-Finger,2,0,0,2,0,2,0,2,Standard,Standard,218,0.005,-0.052,63.1,7.0,,0.052,,2,-2,0.783,0.2169999999999999,22,26,23,26,2,1,,,,,3.0,0.95,0.95,,11.29689249041836,-20.09570231334077,27.211396918456707,21.898873975695423,35.53304404467168
SL,2026-04-28,88.2,-0.48,7.14,"Yesavage, Trey",702332,702056,,foul,,,,,5,Foul,R,R,R,TOR,BOS,S,,,0,0,2026,-0.15,0.54,0.1359522406093235,2.096209339606627,,,,1,5,Top,,,,,,,1.7754347036034304,-128.333423944612,-7.036219222842633,-2.029881802254422,25.41442678449666,-25.010327062717813,2.947063648,1.48730315,2,69.2,-51,87.8,2364,6.0,822823,623168,665489,676391,672960,665926,676914,662139,664702,54.55,,,,,,,,34,1,Slider,2,0,0,2,0,2,0,2,Standard,Standard,214,0.003,-0.039,66.6,7.8,,0.039,88.0,2,-2,0.78,0.2199999999999999,22,26,23,26,2,1,,,,,2.38,0.15,0.15,,18.167783915480417,-18.383257564870807,22.699477069669403,36.99665659749195,37.88758091359296
FF,2026-04-28,92.4,-0.41,7.08,"Yesavage, Trey",691785,702056,field_out,hit_into_play,,,,,4,Marcelo Mayer flies out to right fielder Myles Straw.,R,L,R,TOR,BOS,X,9,fly_ball,2,1,2026,-0.51,1.8,-0.5382692333347096,2.461899958407158,,,,0,5,Top,147.71,95.05,,,,,0.8059972678333231,-134.25003364059373,-9.598382869635032,-6.295546189071544,32.14786436938263,-8.478581734573746,3.341994751,1.686614173,265,76.1,31,91.8,2216,6.3,822823,623168,665489,676391,672960,665926,676914,662139,664702,54.24,0.214,0.194,0.0,1,0,0,3,33,4,4-Seam Fastball,2,0,0,2,0,2,0,2,Infield shade,Standard,203,0.034,-0.305,77.7,8.2,0.249,0.305,88.0,2,-2,0.746,0.254,22,23,23,24,2,1,,,,,0.9,0.51,-0.51,,14.455168099012838,-7.1583662244507655,27.715545769279043,41.174495106318055,36.7523876410866
FS,2026-04-28,81.6,-0.33,7.27,"Yesavage, Trey",691785,702056,,ball,,,,,12,Ball,R,L,R,TOR,BOS,B,,,1,1,2026,-0.83,0.21,0.1956368758814108,4.574241585738814,,,,0,5,Top,,,,,,,2.777054892341466,-118.82113909169333,0.327728838867249,-8.405560395395234,24.095475997288105,-30.48042071024876,3.341994751,1.686614173,,,,81.0,1387,5.9,822823,623168,665489,676391,672960,665926,676914,662139,664702,54.56,,,,,,,,33,3,Split-Finger,2,0,0,2,0,2,0,2,Infield shade,Standard,224,-0.006,0.055,,,,-0.055,,2,-2,0.752,0.248,22,23,23,24,2,1,,,,,3.22,0.83,-0.83,,,,,,
FS,2026-04-28,82.1,-0.33,7.19,"Yesavage, Trey",691785,702056,,ball,,,,,13,Ball,R,L,R,TOR,BOS,B,,,0,1,2026,-0.92,0.42,-0.436441626521044,0.650082117562365,,,,0,5,Top,,,,,,,1.5631831017894726,-119.32067743771422,-8.723697691283306,-9.096340002287182,22.04760966507607,-26.71246111040112,3.341994751,1.686614173,,,,81.6,1410,5.9,822823,623168,665489,676391,672960,665926,676914,662139,664702,54.6,,,,,,,,33,2,Split-Finger,2,0,0,2,0,2,0,2,Infield shade,Standard,215,-0.003,0.031,,,,-0.031,,2,-2,0.755,0.245,22,23,23,24,2,1,,,,,2.96,0.92,-0.92,,,,,,
FS,2026-04-28,80.6,-0.62,7.27,"Yesavage, Trey",691785,702056,,called_strike,,,,,1,Called Strike,R,L,R,TOR,BOS,S,,,0,0,2026,-0.91,0.5,-0.5241759019233397,3.367316149152407,,,,0,5,Top,,,,,,,1.939361083204475,-117.43816949016276,-2.7863530652686475,-8.810375870618188,20.61771376921911,-27.24042774937205,3.341994751,1.686614173,,,,79.9,1525,5.6,822823,623168,665489,676391,672960,665926,676914,662139,664702,54.9,,,,,,,,33,1,Split-Finger,2,0,0,2,0,2,0,2,Infield shade,Standard,217,0.004,-0.039,,,,0.039,,2,-2,0.751,0.249,22,23,23,24,2,1,,,,,2.98,0.91,-0.91,,,,,,
FF,2026-04-28,94.5,-0.14,7.08,"Yesavage, Trey",665966,702056,field_out,hit_into_play,,,,,3,Carlos Narváez flies out to right fielder Myles Straw in foul territory.,R,R,R,TOR,BOS,X,9,fly_ball,1,2,2026,-0.4,1.71,0.4533952266913559,2.887156334283795,,,807799,2,4,Top,217.46,116.19,,,,,2.4180842555373805,-137.3628902021947,-8.8169205114569,-5.611404178182455,30.799407340173552,-8.742734352415509,3.180511811,1.60511811,303,89.9,38,94.1,2339,6.2,822823,623168,665489,676391,672960,665926,676914,662139,664702,54.35,0.02,0.028,0.0,1,0,0,3,29,4,4-Seam Fastball,2,0,0,2,0,2,0,2,Standard,Standard,197,0.018,-0.182,72.9,7.2,0.043,0.182,89.9,2,-2,0.768,0.2319999999999999,22,27,23,28,2,1,,,,,0.85,0.4,0.4,,-0.7815336659651317,12.892836637078192,24.81508757725505,43.577051086177704,22.97715950820795
FS,2026-04-28,82.0,-0.61,7.13,"Yesavage, Trey",665966,702056,,ball,,,,,11,Ball,R,R,R,TOR,BOS,B,,,0,2,2026,-1.13,0.11,-0.733050412937306,3.743017199711325,,,807799,2,4,Top,,,,,,,1.9197024846500153,-119.47252886918692,-1.150517024254028,-11.20045556206438,22.15381270897498,-31.147948665467005,3.180511811,1.60511811,,,,81.6,1555,5.8,822823,623168,665489,676391,672960,665926,676914,662139,664702,54.66,,,,,,,,29,3,Split-Finger,2,0,0,2,0,2,0,2,Standard,Standard,224,-0.002,0.009,,,,-0.009,,2,-2,0.77,0.2299999999999999,22,27,23,28,2,1,,,,,3.26,1.13,1.13,,,,,,
FF,2026-04-28,93.6,-0.21,7.09,"Yesavage, Trey",665966,702056,,foul,,,,,4,Foul,R,R,R,TOR,BOS,S,,,0,1,2026,-0.45,1.74,-0.7343855005436672,2.3213270015979868,,,807799,2,4,Top,,,,,,,-0.3285726097069391,-135.98332428821251,-10.130569311496,-5.433974051791188,31.425373768910188,-8.51520193372954,3.180511811,1.60511811,127,61.5,64,93.0,2253,6.2,822823,623168,665489,676391,672960,665926,676914,662139,664702,54.34,,,,,,,,29,2,4-Seam Fastball,2,0,0,2,0,2,0,2,Standard,Standard,200,0.006,-0.055,72.0,7.2,,0.055,88.0,2,-2,0.764,0.236,22,27,23,28,2,1,,,,,0.88,0.45,0.45,,4.037302904862371,5.121764005075557,35.19717088249873,30.092003266913892,30.684449911980284
FS,2026-04-28,81.0,-0.42,7.17,"Yesavage, Trey",665966,702056,,swinging_strike,,,,,11,Swinging Strike,R,R,R,TOR,BOS,S,,,0,0,2026,-1.3,0.3,-1.1481940566734334,2.9559724567903243,,,807799,2,4,Top,,,,,,,0.901074393205779,-117.99552375761266,-3.118776499556155,-12.26045258149039,22.774108639347524,-28.984571575207603,3.180511811,1.60511811,,,,80.6,1615,6.0,822823,623168,665489,676391,672960,665926,676914,662139,664702,54.53,,,,,,,,29,1,Split-Finger,2,0,0,2,0,2,0,2,Standard,Standard,222,0.004,-0.042,76.2,8.6,,0.042,,2,-2,0.76,0.24,22,27,23,28,2,1,,,,,3.17,1.3,1.3,,23.25068635556432,-48.381397062820874,25.765972094397274,25.44340490380213,54.4700881950625
FF,2026-04-28,93.7,-0.54,7.1,"Yesavage, Trey",807799,702056,single,hit_into_play,,,,,2,Masataka Yoshida singles on a sharp ground ball to right fielder Myles Straw.,R,L,R,TOR,BOS,X,9,ground_ball,1,2,2026,-0.76,1.65,0.1283407288772876,3.0396342951751403,,,,2,4,Top,170.0,111.0,,,,,3.3763046984209577,-136.14936211546504,-8.12881666806022,-10.14311030602943,31.21832005474245,-10.077149444666588,3.021661745,1.524950787,19,100.7,-8,92.9,2376,6.0,822823,623168,665489,676391,672960,665926,676914,662139,664702,54.51,0.24,0.221,0.9,1,1,0,2,28,5,4-Seam Fastball,2,0,0,2,0,2,0,2,Standard,Standard,195,-0.018,0.403,72.0,6.8,0.261,-0.403,100.7,2,-2,0.778,0.2219999999999999,22,32,23,33,2,1,,,,,0.96,0.76,-0.76,,13.668664109079671,-0.59292033873986,24.59967396916232,33.219070293053065,29.576554431119924
FS,2026-04-28,82.2,-0.38,7.21,"Yesavage, Trey",807799,702056,,foul,,,,,11,Foul,R,L,R,TOR,BOS,S,,,1,2,2026,-0.98,0.52,-1.487637869234602,2.8858435581400133,,,,2,4,Top,,,,,,,-0.5558249787378471,-119.76580589180423,-4.088485253846159,-9.342992597212644,22.647235678120225,-26.56204317185895,3.021661745,1.524950787,153,60.2,56,82.3,1455,6.3,822823,623168,665489,676391,672960,665926,676914,662139,664702,54.23,,,,,,,,28,4,Split-Finger,2,0,0,2,0,2,0,2,Standard,Standard,218,0.0,0.0,56.5,7.0,,0.0,88.0,2,-2,0.778,0.2219999999999999,22,32,23,33,2,1,,,,,2.84,0.98,-0.98,,8.92659344961643,13.724650692798848,18.656038096095273,52.8904708211808,15.40841234347926
FS,2026-04-28,83.0,-0.55,7.05,"Yesavage, Trey",807799,702056,,ball,,,,,13,Ball,R,L,R,TOR,BOS,B,,,0,2,2026,-1.18,0.75,-0.2269156277921578,0.1191196927406137,,,,2,4,Top,,,,,,,3.0572240520757075,-120.56067001736588,-10.462348664124846,-12.11224350154893,23.18699878457115,-23.05438499619607,3.021661745,1.524950787,,,,82.5,1621,6.0,822823,623168,665489,676391,672960,665926,676914,662139,664702,54.5,,,,,,,,28,3,Split-Finger,2,0,0,2,0,2,0,2,Standard,Standard,222,-0.001,0.022,,,,-0.022,,2,-2,0.779,0.2209999999999999,22,32,23,33,2,1,,,,,2.57,1.18,-1.18,,,,,,
FS,2026-04-28,83.2,-0.38,7.14,"Yesavage, Trey",807799,702056,,swinging_strike,,,,,13,Swinging Strike,R,L,R,TOR,BOS,S,,,0,1,2026,-1.08,0.63,-0.1129247005271676,0.8763100852773662,,,,2,4,Top,,,,,,,2.748949558923288,-120.94588496418277,-8.800118390370251,-11.147567208033848,23.96808999422293,-24.495063090889943,3.021661745,1.524950787,,,,82.9,1751,6.2,822823,623168,665489,676391,672960,665926,676914,662139,664702,54.34,,,,,,,,28,2,Split-Finger,2,0,0,2,0,2,0,2,Infield shade,Standard,212,0.003,-0.057,72.3,8.8,,0.057,,2,-2,0.776,0.2239999999999999,22,32,23,33,2,1,,,,,2.68,1.08,-1.08,,30.18634266335029,-43.754588347343145,36.20794653652525,35.74818239846813,55.562517601276525
FS,2026-04-28,82.4,-0.48,7.2,"Yesavage, Trey",807799,702056,,called_strike,,,,,5,Called Strike,R,L,R,TOR,BOS,S,,,0,0,2026,-1.09,0.51,-0.2095017130675802,2.30787159987412,,,,2,4,Top,,,,,,,2.77443870856549,-119.91567423222314,-5.3269981629936805,-11.048795543709453,23.61178739789088,-26.469463059415975,3.021661745,1.524950787,,,,82.5,1689,6.4,822823,623168,665489,676391,672960,665926,676914,662139,664702,54.14,,,,,,,,28,1,Split-Finger,2,0,0,2,0,2,0,2,Infield shade,Standard,215,0.002,-0.043,,,,0.043,,2,-2,0.774,0.2259999999999999,22,32,23,33,2,1,,,,,2.86,1.09,-1.09,,,,,,
FF,2026-04-28,94.8,-0.27,7.08,"Yesavage, Trey",596115,702056,strikeout,called_strike,,,,,6,Trevor Story called out on strikes.,R,R,R,TOR,BOS,S,2,,1,2,2026,-0.54,1.74,0.3399659184298177,2.4526666461050306,,,,1,4,Top,,,,,,,2.7828858897877855,-137.7750156692181,-10.081637764462824,-7.451440741775299,31.570522279608255,-7.948536487471892,3.241945538,1.636122047,,,,94.4,2330,6.2,822823,623168,665489,676391,672960,665926,676914,662139,664702,54.28,,0.0,0.0,1,0,0,,27,4,4-Seam Fastball,2,0,0,2,0,2,0,2,Standard,Standard,200,0.013,-0.18,,,,0.18,,2,-2,0.761,0.239,22,33,23,34,2,1,,,,,0.81,0.54,0.54,,,,,,
FS,2026-04-28,82.3,-0.54,7.29,"Yesavage, Trey",596115,702056,,called_strike,,,,,1,Called Strike,R,R,R,TOR,BOS,S,,,1,1,2026,-1.11,0.47,-0.692875863925379,3.2053800801525627,,,,1,4,Top,,,,,,,1.8458880293049935,-119.8736248865762,-3.4211050181347167,-11.096748503920772,23.28596389139784,-27.214155966389157,3.241945538,1.636122047,,,,81.9,1618,6.0,822823,623168,665489,676391,672960,665926,676914,662139,664702,54.54,,,,,,,,27,3,Split-Finger,2,0,0,2,0,2,0,2,Standard,Standard,217,0.004,-0.064,,,,0.064,,2,-2,0.757,0.243,22,33,23,34,2,1,,,,,2.89,1.11,1.11,,,,,,
SL,2026-04-28,85.6,-0.48,7.26,"Yesavage, Trey",596115,702056,,foul,,,,,2,Foul,R,R,R,TOR,BOS,S,,,1,0,2026,-0.22,0.49,0.1256915538350034,2.972650215066482,,,,1,4,Top,,,,,,,1.8299042130783736,-124.69576104371664,-4.600152314409934,-2.625861933450558,24.331355572466897,-26.345368224127036,3.241945538,1.636122047,174,92.5,67,85.1,2345,5.8,822823,623168,665489,676391,672960,665926,676914,662139,664702,54.67,,,,,,,,27,2,Slider,2,0,0,2,0,2,0,2,Standard,Standard,210,0.004,-0.049,77.5,8.1,,0.049,92.5,2,-2,0.753,0.247,22,33,23,34,2,1,,,,,2.61,0.22,0.22,,28.208437089069314,-19.697466814776327,23.140206112373388,37.87067142454537,43.28861233475091
SL,2026-04-28,86.8,-0.39,7.25,"Yesavage, Trey",596115,702056,,ball,,,,,12,Ball,R,R,R,TOR,BOS,B,,,0,0,2026,-0.16,0.48,0.0889992339337204,4.371778694737586,,,,1,4,Top,,,,,,,1.4571447927348593,-126.46221313691868,-1.5015926098622658,-2.0493709126983446,26.090359163429348,-26.974799095898003,3.241945538,1.636122047,,,,86.1,2287,5.8,822823,623168,665489,676391,672960,665926,676914,662139,664702,54.73,,,,,,,,27,1,Slider,2,0,0,2,0,2,0,2,Standard,Standard,205,-0.003,0.039,,,,-0.039,,2,-2,0.756,0.244,22,33,23,34,2,1,,,,,2.54,0.16,0.16,,,,,,
FF,2026-04-28,93.6,-0.49,7.05,"Yesavage, Trey",677800,702056,strikeout,foul_tip,,,,,11,Wilyer Abreu strikes out on a foul tip.,R,L,R,TOR,BOS,S,2,,1,2,2026,-0.29,1.77,-0.1472163045544481,3.2803896251846965,,,,0,4,Top,,,,,,,1.5271156807534856,-136.1114285898377,-7.702715763232828,-3.9545313312968178,30.114968063730363,-8.628973513931198,3.117322835,1.573228347,,,,93.1,2388,6.0,822823,623168,665489,676391,672960,665926,676914,662139,664702,54.45,,0.0,0.0,1,0,0,,26,4,4-Seam Fastball,2,0,0,2,0,2,0,2,Infield shade,Standard,194,0.019,-0.189,73.0,6.3,,0.189,,2,-2,0.737,0.263,22,27,23,27,2,1,,,,,0.83,0.29,-0.29,,0.2285842385284303,18.4041099093992,26.652901544554627,39.57678497511795,13.601050520537312
FS,2026-04-28,81.7,-0.48,7.28,"Yesavage, Trey",677800,702056,,ball,,,,,11,Ball,R,L,R,TOR,BOS,B,,,0,2,2026,-1.03,0.54,-0.9645960834974426,4.957699916968911,,,,0,4,Top,,,,,,,0.9374508860385588,-119.07537271126886,0.4270267692464075,-10.02052296126705,22.37391002520245,-27.349122601436687,3.117322835,1.573228347,,,,80.8,1642,5.5,822823,623168,665489,676391,672960,665926,676914,662139,664702,54.98,,,,,,,,26,3,Split-Finger,2,0,0,2,0,2,0,2,Infield shade,Standard,213,-0.003,0.024,,,,-0.024,,2,-2,0.74,0.26,22,27,23,27,2,1,,,,,2.86,1.03,-1.03,,,,,,
FS,2026-04-28,80.7,-0.49,7.29,"Yesavage, Trey",677800,702056,,foul,,,,,5,Foul,R,L,R,TOR,BOS,S,,,0,1,2026,-1.15,0.53,-0.2259074291279676,2.168508873170089,,,,0,4,Top,,,,,,,2.7649575750748143,-117.4186053047072,-5.4682457394949795,-11.17825218264247,21.549558390698714,-26.42117520476736,3.117322835,1.573228347,106,70.8,81,79.8,1695,5.6,822823,623168,665489,676391,672960,665926,676914,662139,664702,54.93,,,,,,,,26,2,Split-Finger,2,0,0,2,0,2,0,2,Infield shade,Standard,212,0.007,-0.055,74.4,7.6,,0.055,88.0,2,-2,0.733,0.267,22,27,23,27,2,1,,,,,2.96,1.15,-1.15,,15.46899450278687,-8.890973639139071,30.512303975006727,40.510609069576574,37.27399710562992
FF,2026-04-28,93.1,-0.26,7.13,"Yesavage, Trey",677800,702056,,called_strike,,,,,5,Called Strike,R,L,R,TOR,BOS,S,,,0,0,2026,-0.4,1.74,-0.1131766052712149,2.098674534011439,,,,0,4,Top,,,,,,,1.2696386674759004,-135.28038669714016,-10.6838682818958,-5.22185430341971,29.396975297781488,-8.634997499974023,3.117322835,1.573228347,,,,92.6,2303,6.1,822823,623168,665489,676391,672960,665926,676914,662139,664702,54.42,,,,,,,,26,1,4-Seam Fastball,2,0,0,2,0,2,0,2,Infield shade,Standard,198,0.004,-0.039,,,,0.039,,2,-2,0.729,0.271,22,27,23,27,2,1,,,,,0.89,0.4,-0.4,,,,,,
FF,2026-04-28,94.6,-0.2,7.11,"Yesavage, Trey",701350,702056,field_out,hit_into_play,,,,,11,Roman Anthony flies out to left fielder Davis Schneider.,R,L,R,TOR,BOS,X,7,fly_ball,2,2,2026,-0.58,1.76,-0.6148738096145406,3.4648269290635305,,,,2,3,Top,62.03,132.21,,,,,0.2539444325824286,-137.50107822735066,-7.5007825297628274,-7.423557800821786,33.5879284034438,-8.455572827683886,3.326197507,1.678641732,229,92.7,56,94.0,2375,6.2,822823,623168,665489,676391,672960,665926,676914,662139,664702,54.29,0.017,0.022,0.0,1,0,0,3,20,5,4-Seam Fastball,0,0,0,0,0,0,0,0,Infield shade,Standard,198,0.01,-0.224,72.9,7.3,0.032,0.224,92.7,0,0,0.545,0.4549999999999999,22,22,23,22,2,1,,,,,0.82,0.58,-0.58,,14.017553344183511,6.010902232350877,22.592903359432896,39.23311924072264,31.68804338025223
FS,2026-04-28,82.9,-0.5,7.17,"Yesavage, Trey",701350,702056,,ball,,,,,14,Ball,R,L,R,TOR,BOS,B,,,1,2,2026,-1.12,0.75,0.7161937863179004,1.1883669842875038,,,,2,3,Top,,,,,,,4.9168580099505075,-120.4680608262192,-8.312432889628653,-11.81685885342855,23.40686850323492,-23.420446631050375,3.326197507,1.678641732,,,,82.3,1457,6.0,822823,623168,665489,676391,672960,665926,676914,662139,664702,54.54,,,,,,,,20,4,Split-Finger,0,0,0,0,0,0,0,0,Infield shade,Standard,221,-0.002,0.042,,,,-0.042,,0,0,0.547,0.4529999999999999,22,22,23,22,2,1,,,,,2.57,1.12,-1.12,,,,,,
FF,2026-04-28,94.8,-0.2,7.04,"Yesavage, Trey",701350,702056,,called_strike,,,,,9,Called Strike,R,L,R,TOR,BOS,S,,,1,1,2026,-0.28,1.61,0.6069004202365753,2.1796752245759103,,,,2,3,Top,,,,,,,2.7116402563008757,-137.63887154368882,-10.30358081094531,-4.210126553756812,33.75899156297668,-9.55673592057065,3.326197507,1.678641732,,,,94.1,2364,6.2,822823,623168,665489,676391,672960,665926,676914,662139,664702,54.28,,,,,,,,20,3,4-Seam Fastball,0,0,0,0,0,0,0,0,Infield shade,Standard,197,0.003,-0.062,,,,0.062,,0,0,0.544,0.4559999999999999,22,22,23,22,2,1,,,,,0.96,0.28,-0.28,,,,,,
FF,2026-04-28,94.5,-0.31,7.05,"Yesavage, Trey",701350,702056,,called_strike,,,,,5,Called Strike,R,L,R,TOR,BOS,S,,,1,0,2026,-0.27,1.81,-0.1967694572237033,2.4442589354243216,,,,2,3,Top,,,,,,,0.900318157012717,-137.25811730744735,-10.023051386852302,-3.5719528147542405,33.218457782645594,-7.284801603094138,3.326197507,1.678641732,,,,93.6,2359,6.1,822823,623168,665489,676391,672960,665926,676914,662139,664702,54.45,,,,,,,,20,2,4-Seam Fastball,0,0,0,0,0,0,0,0,Infield shade,Standard,196,0.002,-0.054,,,,0.054,,0,0,0.542,0.4579999999999999,22,22,23,22,2,1,,,,,0.77,0.27,-0.27,,,,,,
FF,2026-04-28,92.2,-0.42,7.15,"Yesavage, Trey",701350,702056,,ball,,,,,11,Ball,R,L,R,TOR,BOS,B,,,0,0,2026,-0.37,1.81,-1.2404885387450546,2.9961640705943986,,,,2,3,Top,,,,,,,-1.2301460739200498,-133.9451082855497,-8.35396045188676,-4.177040605555545,31.33464073523935,-8.795767404168426,3.326197507,1.678641732,,,,91.1,2342,5.9,822823,623168,665489,676391,672960,665926,676914,662139,664702,54.57,,,,,,,,20,1,4-Seam Fastball,0,0,0,0,0,0,0,0,Infield shade,Standard,197,-0.001,0.037,,,,-0.037,,0,0,0.543,0.4569999999999999,22,22,23,22,2,1,,,,,0.9,0.37,-0.37,,,,,,
FF,2026-04-28,94.4,-0.25,7.1,"Yesavage, Trey",575929,702056,field_out,hit_into_play,,,,,8,"Willson Contreras grounds out, shortstop Andrés Giménez to first baseman Vladimir Guerrero Jr.",R,R,R,TOR,BOS,X,6,ground_ball,0,0,2026,-0.45,1.84,-0.1459415477665299,2.0909167711960963,,,,1,3,Top,110.72,147.41,,,,,1.279118071559164,-137.0710756904111,-11.17654243504101,-6.006389777495958,30.46710876484354,-6.717352035076497,3.229658793,1.62992126,20,90.4,-5,94.0,2408,6.2,822823,623168,665489,676391,672960,665926,676914,662139,664702,54.29,0.213,0.198,0.0,1,0,0,2,19,1,4-Seam Fastball,0,0,0,0,0,0,0,0,Standard,Standard,198,0.018,-0.254,80.2,7.4,0.238,0.254,90.4,0,0,0.525,0.475,22,34,23,34,2,1,,,,,0.73,0.45,0.45,,-5.262616130562192,4.787337874845485,41.34300790960526,33.875011319716606,23.420257674844475
FS,2026-04-28,82.0,-0.32,7.33,"Yesavage, Trey",680776,702056,field_out,hit_into_play,,,,,8,Jarren Duran lines out to right fielder Myles Straw.,R,L,R,TOR,BOS,X,9,line_drive,0,0,2026,-0.99,0.66,0.2393809222519733,1.7387113859616052,,,,0,3,Top,157.79,88.21,,,,,3.171426676895899,-119.3109751819439,-7.077151776822664,-10.050135229065848,22.40803531949747,-24.728890117957633,3.229658793,1.62992126,286,77.9,27,81.6,1645,6.0,822823,623168,665489,676391,672960,665926,676914,662139,664702,54.5,0.337,0.311,0.0,1,0,0,3,18,1,Split-Finger,0,0,0,0,0,0,0,0,Infield shade,Standard,215,0.025,-0.259,75.6,8.6,0.407,0.259,88.0,0,0,0.5,0.5,22,29,23,30,2,1,,,,,2.72,0.99,-0.99,,22.38000126284943,-22.054828938608527,25.807320742501645,39.75335349942621,46.50912742330389
FF,2026-04-28,95.3,-0.2,7.13,"Yesavage, Trey",702332,702056,field_out,hit_into_play,,,,,9,Caleb Durbin flies out to right fielder Myles Straw.,R,R,R,TOR,BOS,X,9,fly_ball,3,2,2026,-0.33,1.72,0.3392692860776264,1.67968365043864,596115,,691785,2,2,Top,186.6,80.17,,,,,2.155892849036368,-138.35133458806015,-12.230841331851252,-4.758601264411311,31.282191473235137,-7.505227246512946,2.947063648,1.48730315,330,92.7,34,94.7,2413,6.1,822823,623168,665489,676391,672960,665926,676914,662139,664702,54.39,0.057,0.101,0.0,1,0,0,3,13,7,4-Seam Fastball,0,0,0,0,0,0,0,0,Standard,Standard,195,0.055,-0.286,74.0,6.7,0.19,0.286,92.7,0,0,0.496,0.504,22,26,23,26,1,0,,,,,0.8,0.33,0.33,,-2.697548351843198,6.657522902759059,32.49564839737092,38.844080153982354,26.135324453241264
FF,2026-04-28,94.1,-0.39,7.13,"Yesavage, Trey",702332,702056,,foul,,,,,14,Foul,R,R,R,TOR,BOS,S,,,3,2,2026,-0.5,1.75,0.346572848103328,1.3655678822250927,596115,,691785,2,2,Top,,,,,,,2.996744124207537,-136.5357437639975,-12.729059498545642,-6.966529321223925,30.058850042696545,-7.63592903142546,2.947063648,1.48730315,,,,93.2,2299,5.9,822823,623168,665489,676391,672960,665926,676914,662139,664702,54.61,,,,,,,,13,6,4-Seam Fastball,0,0,0,0,0,0,0,0,Standard,Standard,200,0.0,0.0,72.2,7.3,,0.0,,0,0,0.496,0.504,22,26,23,26,1,0,,,,,0.84,0.5,0.5,,5.927352454763654,-0.1965848991280184,34.300879418375274,39.10145640545224,31.27083650114678
FS,2026-04-28,82.4,-0.53,7.26,"Yesavage, Trey",702332,702056,,ball,,,,,12,Ball,R,R,R,TOR,BOS,B,,,2,2,2026,-0.98,0.25,0.1588828619795467,3.443499682916456,596115,,691785,2,2,Top,,,,,,,3.423216627639797,-120.00644739161676,-2.4649168905556076,-10.13397382094875,21.776176143250343,-29.45025551844724,2.947063648,1.48730315,,,,81.5,1418,5.5,822823,623168,665489,676391,672960,665926,676914,662139,664702,55.01,,,,,,,,13,5,Split-Finger,0,0,0,0,0,0,0,0,Standard,Standard,228,-0.012,0.062,,,,-0.062,,0,0,0.508,0.492,22,26,23,26,1,0,,,,,3.08,0.98,0.98,,,,,,
FF,2026-04-28,94.8,-0.33,7.23,"Yesavage, Trey",702332,702056,,foul,,,,,1,Foul,R,R,R,TOR,BOS,S,,,2,1,2026,-0.66,1.64,-0.5979127328643337,2.5393624817455778,596115,,691785,2,2,Top,,,,,,,0.7851229896385445,-137.77986956254378,-9.96444776786746,-8.529289083998872,30.47808805412095,-9.327535270672628,2.947063648,1.48730315,130,77.6,79,94.2,2306,6.0,822823,623168,665489,676391,672960,665926,676914,662139,664702,54.5,,,,,,,,13,4,4-Seam Fastball,0,0,0,0,0,0,0,0,Standard,Standard,199,0.011,-0.05,72.3,7.0,,0.05,88.0,0,0,0.497,0.503,22,26,23,26,1,0,,,,,0.9,0.66,0.66,,13.436755152673744,-14.994048984401596,27.886564433304613,28.54568109425007,32.974705497533165
FS,2026-04-28,81.3,-0.37,7.26,"Yesavage, Trey",702332,702056,,blocked_ball,,,,,14,Ball In Dirt,R,R,R,TOR,BOS,B,,,1,1,2026,-0.9,0.39,0.9264466259077168,0.080893678834339,596115,,691785,2,2,Top,,,,,,,4.607992539328459,-118.04186524989936,-9.90472671831983,-9.254223036820118,20.597008465358883,-26.97842903063773,2.947063648,1.48730315,,,,81.3,1446,6.2,822823,623168,665489,676391,672960,665926,676914,662139,664702,54.27,,,,,,,,13,3,Split-Finger,0,0,0,0,0,0,0,0,Standard,Standard,223,-0.006,0.03,,,,-0.03,,0,0,0.503,0.497,22,26,23,26,1,0,,,,,3.05,0.9,0.9,,,,,,
FF,2026-04-28,94.8,-0.34,7.19,"Yesavage, Trey",702332,702056,,foul,,,,,11,Foul,R,R,R,TOR,BOS,S,,,1,0,2026,-0.53,1.71,-0.8579592086348178,2.345311886000224,596115,,691785,2,2,Top,,,,,,,-0.1368082086361062,-137.77280234187072,-10.509528019325552,-6.660926861518429,31.102873078095353,-8.302573620317323,2.947063648,1.48730315,202,75.8,63,94.2,2327,6.0,822823,623168,665489,676391,672960,665926,676914,662139,664702,54.47,,,,,,,,13,2,4-Seam Fastball,0,0,0,0,0,0,0,0,Standard,Standard,200,0.006,-0.037,71.1,7.2,,0.037,88.0,0,0,0.497,0.503,22,26,23,26,1,0,,,,,0.84,0.53,0.53,,13.05199304334806,-18.46052073878618,32.45703395697049,24.703078302335427,32.37628010501889
FS,2026-04-28,81.7,-0.37,7.28,"Yesavage, Trey",702332,702056,,ball,,,,,11,Ball,R,R,R,TOR,BOS,B,,,0,0,2026,-0.9,0.74,-0.3638641890865474,3.4307803362519844,596115,,691785,2,2,Top,,,,,,,1.7794651349532138,-118.98588947768712,-3.3181309832080124,-8.91188391031044,23.35816567984494,-24.693655884577293,2.947063648,1.48730315,,,,81.4,1570,6.1,822823,623168,665489,676391,672960,665926,676914,662139,664702,54.4,,,,,,,,13,1,Split-Finger,0,0,0,0,0,0,0,0,Standard,Standard,217,-0.003,0.009,,,,-0.009,,0,0,0.5,0.5,22,26,23,26,1,0,,,,,2.67,0.9,0.9,,,,,,
FS,2026-04-28,83.3,-0.64,7.26,"Yesavage, Trey",691785,702056,single,hit_into_play,,,,,2,Marcelo Mayer singles on a ground ball to right fielder Myles Straw. Trevor Story to 3rd.,R,L,R,TOR,BOS,X,9,ground_ball,2,2,2026,-1.14,0.47,0.1177449328570519,3.0316503963379087,,,596115,2,2,Top,190.6,119.57,,,,,3.931715866414503,-121.2512924159655,-3.9318076038457255,-12.023059091506443,23.45656116098282,-26.99169993749799,3.341994751,1.686614173,36,97.1,-3,82.3,1597,5.6,822823,623168,665489,676391,672960,665926,676914,662139,664702,54.93,0.341,0.312,0.9,1,1,0,2,12,5,Split-Finger,0,0,0,0,0,0,0,0,Standard,Standard,221,-0.031,0.4,73.2,7.8,0.385,-0.4,97.1,0,0,0.531,0.469,22,23,23,24,1,0,,,,,2.81,1.14,-1.14,,14.31999413922252,-13.32272955519885,24.973247834985035,34.037025311405706,32.804095875930194
FF,2026-04-28,94.3,-0.41,7.24,"Yesavage, Trey",691785,702056,,foul,,,,,8,Foul,R,L,R,TOR,BOS,S,,,2,1,2026,-0.35,1.77,-0.1299874781961117,2.0709283747585383,,,596115,2,2,Top,,,,,,,1.4944485124218403,-137.00961129815744,-11.382369852049647,-4.725204748314264,29.32936219538747,-7.546547887427088,3.341994751,1.686614173,1,,-70,93.7,2275,5.9,822823,623168,665489,676391,672960,665926,676914,662139,664702,54.55,,,,,,,,12,4,4-Seam Fastball,0,0,0,0,0,0,0,0,Infield shade,Standard,200,0.005,-0.093,62.6,6.6,,0.093,,0,0,0.526,0.474,22,23,23,24,1,0,,,,,0.79,0.35,-0.35,,-16.45259169563465,19.238635145508436,34.74402464872384,37.99536969783538,8.906207193692957
FS,2026-04-28,81.7,-0.36,7.38,"Yesavage, Trey",691785,702056,,ball,,,,,12,Ball,R,L,R,TOR,BOS,B,,,1,1,2026,-0.71,0.67,0.6530318809017102,3.5601997527542024,,,596115,2,2,Top,,,,,,,3.565487008822023,-119.0398638414504,-3.113999794970382,-7.396515997605198,21.901103562638635,-25.42371764500837,3.341994751,1.686614173,,,,80.5,1418,5.3,822823,623168,665489,676391,672960,665926,676914,662139,664702,55.19,,,,,,,,12,3,Split-Finger,0,0,0,0,0,0,0,0,Infield shade,Standard,226,-0.003,0.054,,,,-0.054,,0,0,0.529,0.471,22,23,23,24,1,0,,,,,2.73,0.71,-0.71,,,,,,
FF,2026-04-28,94.6,-0.42,7.17,"Yesavage, Trey",691785,702056,,foul,,,,,1,Foul,R,L,R,TOR,BOS,S,,,1,0,2026,-0.46,1.8,-0.7587981267560657,3.0132109813532373,,,596115,2,2,Top,,,,,,,0.1685320364967345,-137.5611265709177,-8.924426131248671,-5.825000261135211,30.37628328179868,-7.5277243344277185,3.341994751,1.686614173,164,75.2,62,93.8,2351,5.8,822823,623168,665489,676391,672960,665926,676914,662139,664702,54.67,,,,,,,,12,2,4-Seam Fastball,0,0,0,0,0,0,0,0,Infield shade,Standard,195,0.003,-0.05,75.3,7.7,,0.05,88.0,0,0,0.526,0.474,22,23,23,24,1,0,,,,,0.75,0.46,-0.46,,5.910091991461578,0.5160333994531036,24.864243244865403,44.745138908754704,26.0735612594528
FF,2026-04-28,94.7,-0.32,7.12,"Yesavage, Trey",691785,702056,,ball,,,,,13,Ball,R,L,R,TOR,BOS,B,,,0,0,2026,-0.37,1.8,-0.3345912584642706,0.656368434627232,,,596115,2,2,Top,,,,,,,0.7961044505259989,-137.17348078994175,-14.77218697101223,-4.913045472624489,29.23193680217293,-6.470568327162266,3.341994751,1.686614173,,,,93.9,2374,6.0,822823,623168,665489,676391,672960,665926,676914,662139,664702,54.48,,,,,,,,12,1,4-Seam Fastball,0,0,0,0,0,0,0,0,Infield shade,Standard,196,-0.002,0.035,,,,-0.035,,0,0,0.528,0.472,22,23,23,24,1,0,,,,,0.76,0.37,-0.37,,,,,,
FF,2026-04-28,94.4,-0.5,7.16,"Yesavage, Trey",665966,702056,field_out,hit_into_play,,,,,11,Carlos Narváez pops out to catcher Tyler Heineman in foul territory.,R,R,R,TOR,BOS,X,2,popup,1,0,2026,-0.39,1.58,-1.1898922012323752,2.5513651645908393,,,596115,1,2,Top,113.14,205.5,,,,,-0.8892689348729754,-137.2083036578921,-9.540826256255883,-4.68811793741976,30.168483572656875,-10.265461455956778,3.180511811,1.60511811,47,74.2,78,93.7,2359,6.0,822823,623168,665489,676391,672960,665926,676914,662139,664702,54.55,0.009,0.011,0.0,1,0,0,3,11,2,4-Seam Fastball,0,0,0,0,0,0,0,0,Standard,Standard,197,0.035,-0.29,,,0.012,0.29,88.0,0,0,0.493,0.507,22,27,23,28,1,0,,,,,0.98,0.39,0.39,,,,,,
FF,2026-04-28,95.1,-0.41,7.15,"Yesavage, Trey",665966,702056,,ball,,,,,14,Ball,R,R,R,TOR,BOS,B,,,0,0,2026,-0.35,1.54,0.1522296449386046,1.064576538482904,,,596115,1,2,Top,,,,,,,2.2195806254929997,-137.92921577521835,-13.36131308336252,-4.909735515442922,29.26974741935477,-9.837777076920831,3.180511811,1.60511811,,,,94.4,2342,6.0,822823,623168,665489,676391,672960,665926,676914,662139,664702,54.54,,,,,,,,11,1,4-Seam Fastball,0,0,0,0,0,0,0,0,Standard,Standard,201,-0.004,0.035,,,,-0.035,,0,0,0.497,0.503,22,27,23,28,1,0,,,,,0.99,0.35,0.35,,,,,,
FF,2026-04-28,93.8,-0.3,7.06,"Yesavage, Trey",807799,702056,field_out,hit_into_play,,,,,1,Masataka Yoshida flies out to left fielder Davis Schneider.,R,L,R,TOR,BOS,X,7,fly_ball,1,0,2026,-0.59,1.57,-0.3793336522387792,2.795678537286884,,,596115,0,2,Top,77.46,83.98,,,,,1.1318449001934718,-136.47231502105254,-8.547686417149,-7.650852050073996,29.74075836293,-10.883882558864997,3.021661745,1.524950787,310,94.1,43,93.4,2227,6.0,822823,623168,665489,676391,672960,665926,676914,662139,664702,54.49,0.009,0.013,0.0,1,0,0,3,10,2,4-Seam Fastball,0,0,0,0,0,0,0,0,Standard,Standard,202,0.041,-0.282,73.5,7.1,0.026,0.282,94.1,0,0,0.456,0.544,22,32,23,33,1,0,,,,,1.02,0.59,-0.59,,3.364403761012574,6.226618389268004,27.713083611570028,39.31648968769176,27.70176959765928
FF,2026-04-28,93.7,-0.4,7.21,"Yesavage, Trey",807799,702056,,ball,,,,,11,Ball,R,L,R,TOR,BOS,B,,,0,0,2026,-0.5,1.71,-0.8769782401235215,3.4165033044090674,,,596115,0,2,Top,,,,,,,-0.0983200634767332,-136.36156347875888,-7.589270162239011,-6.272791271543793,28.987285245981095,-9.416918245862588,3.021661745,1.524950787,,,,92.8,2160,5.6,822823,623168,665489,676391,672960,665926,676914,662139,664702,54.85,,,,,,,,10,1,4-Seam Fastball,0,0,0,0,0,0,0,0,Infield shade,Standard,206,-0.006,0.04,,,,-0.04,,0,0,0.462,0.538,22,32,23,33,1,0,,,,,0.88,0.5,-0.5,,,,,,
SL,2026-04-28,87.7,-0.29,7.27,"Yesavage, Trey",596115,702056,single,hit_into_play,,,,,8,Trevor Story singles on a bunt ground ball to pitcher Trey Yesavage.,R,R,R,TOR,BOS,X,1,ground_ball,0,1,2026,-0.37,0.7,0.1399345514750474,1.6077722479606529,,,,0,2,Top,119.8,189.77,,,,,1.7941269056901836,-127.57911014368068,-8.666700045355874,-4.45849953909684,25.867907950043453,-23.01123514228218,3.241945538,1.636122047,4,24.2,-25,86.9,2294,5.8,822823,623168,665489,676391,672960,665926,676914,662139,664702,54.75,0.319,0.287,0.9,1,1,0,1,9,2,Slider,0,0,0,0,0,0,0,0,Infield shade,Standard,214,-0.041,0.139,12.7,1.8,0.322,-0.139,88.0,0,0,0.503,0.497,22,33,23,34,1,0,,,,,2.27,0.37,0.37,,10.100036171415852,163.54670842601053,70.17960747214268,41.27321892345641,34.253411759689044
FF,2026-04-28,94.7,-0.28,7.07,"Yesavage, Trey",596115,702056,,called_strike,,,,,5,Called Strike,R,R,R,TOR,BOS,S,,,0,0,2026,-0.25,1.78,0.1938791363934228,2.2498222226728344,,,,0,2,Top,,,,,,,1.7778442675744883,-137.55222003614497,-10.5844908947002,-3.5451482297898154,32.1720916232235,-7.44878659308078,3.241945538,1.636122047,,,,94.0,2360,6.1,822823,623168,665489,676391,672960,665926,676914,662139,664702,54.39,,,,,,,,9,1,4-Seam Fastball,0,0,0,0,0,0,0,0,Infield shade,Standard,196,0.003,-0.039,,,,0.039,,0,0,0.5,0.5,22,33,23,34,1,0,,,,,0.79,0.25,0.25,,,,,,
FS,2026-04-28,81.3,-0.4,7.28,"Yesavage, Trey",677800,702056,field_out,hit_into_play,,,,,5,Wilyer Abreu flies out to left fielder Davis Schneider.,R,L,R,TOR,BOS,X,7,fly_ball,2,1,2026,-0.98,0.83,-0.0370352435018418,2.596090396547442,575929,,,2,1,Top,94.99,121.99,,,,,2.668375596752117,-118.43550014960294,-5.252928641486053,-9.71240975517025,21.364715531740455,-23.604843564070492,3.117322835,1.573228347,194,89.1,62,80.7,1462,5.7,822823,623168,665489,676391,672960,665926,676914,662139,664702,54.81,0.014,0.014,0.0,1,0,0,3,4,4,Split-Finger,0,0,0,0,0,0,0,0,Standard,Standard,222,0.038,-0.279,76.7,7.1,0.017,0.279,89.1,0,0,0.51,0.49,22,27,23,27,1,0,,,,,2.6,0.98,-0.98,,11.79273869886031,-4.581536772437768,29.12162693534766,37.14202599761458,31.61303237943623
FF,2026-04-28,94.4,-0.39,7.1,"Yesavage, Trey",677800,702056,,foul,,,,,2,Foul,R,L,R,TOR,BOS,S,,,2,0,2026,-0.13,1.61,0.0560567080019189,2.8219421722672062,575929,,,2,1,Top,,,,,,,1.4273193719683883,-137.15007750095495,-8.688287749877476,-1.9376061567765277,34.251123318451576,-10.135636251097592,3.117322835,1.573228347,183,67.8,52,93.1,2205,5.9,822823,623168,665489,676391,672960,665926,676914,662139,664702,54.59,,,,,,,,4,3,4-Seam Fastball,0,0,0,0,0,0,0,0,Standard,Standard,200,0.002,-0.048,71.2,6.7,,0.048,88.0,0,0,0.508,0.492,22,27,23,27,1,0,,,,,0.98,0.13,-0.13,,0.3580824517118565,12.11827519962432,33.96454925155822,35.8046444162313,19.03752029126944
FS,2026-04-28,81.8,-0.49,7.33,"Yesavage, Trey",677800,702056,,ball,,,,,11,Ball,R,L,R,TOR,BOS,B,,,1,0,2026,-1.04,0.43,-0.0338891226991389,4.2992964115265,575929,,,2,1,Top,,,,,,,2.975730676850944,-119.0537950631711,-0.9051238909833444,-10.418969684752474,23.457022421861108,-28.08826667423173,3.117322835,1.573228347,,,,80.2,1340,5.3,822823,623168,665489,676391,672960,665926,676914,662139,664702,55.23,,,,,,,,4,2,Split-Finger,0,0,0,0,0,0,0,0,Standard,Standard,220,-0.002,0.024,,,,-0.024,,0,0,0.51,0.49,22,27,23,27,1,0,,,,,2.98,1.04,-1.04,,,,,,
FF,2026-04-28,95.0,-0.35,7.07,"Yesavage, Trey",677800,702056,,ball,,,,,12,Ball,R,L,R,TOR,BOS,B,,,0,0,2026,-0.15,1.49,0.1602863545735199,3.4855674273804857,575929,,,2,1,Top,,,,,,,1.6644777526052414,-138.1684127959834,-6.796142989135995,-2.3524932189022265,34.47658960809449,-11.862138333234642,3.117322835,1.573228347,,,,94.2,2243,6.1,822823,623168,665489,676391,672960,665926,676914,662139,664702,54.35,,,,,,,,4,1,4-Seam Fastball,0,0,0,0,0,0,0,0,Standard,Standard,201,-0.001,0.028,,,,-0.028,,0,0,0.511,0.489,22,27,23,27,1,0,,,,,1.07,0.15,-0.15,,,,,,
FF,2026-04-28,95.5,-0.28,7.03,"Yesavage, Trey",701350,702056,field_out,hit_into_play,,,,,13,"Roman Anthony grounds out, second baseman Ernie Clement to first baseman Vladimir Guerrero Jr. Willson Contreras to 3rd.",R,L,R,TOR,BOS,X,4,ground_ball,2,2,2026,-0.58,1.62,-0.2914693679865202,1.4287868229971112,,575929,,1,1,Top,147.64,155.28,,,,,1.2956853339188128,-138.54482465771903,-12.4465178041226,-7.804480780771628,31.81692266635714,-8.713996859901169,3.326197507,1.678641732,5,84.9,-18,95.0,2348,6.2,822823,623168,665489,676391,672960,665926,676914,662139,664702,54.26,0.07,0.068,0.0,1,0,0,2,3,5,4-Seam Fastball,0,0,0,0,0,0,0,0,Standard,Standard,199,0.025,-0.211,85.7,7.8,0.088,0.211,88.0,0,0,0.486,0.514,22,22,23,22,1,0,,,,,0.9,0.58,-0.58,,0.5883306094425701,6.69025860766619,40.59448137285992,36.58864976302511,28.016735755842777
FS,2026-04-28,82.9,-0.37,7.26,"Yesavage, Trey",701350,702056,,blocked_ball,,,,,13,Ball In Dirt,R,L,R,TOR,BOS,B,,,1,2,2026,-0.78,0.6,-0.7740228793058688,0.1210040176534925,,575929,,1,1,Top,,,,,,,0.6305462790715709,-120.48348508436982,-10.618780526650456,-7.714257453019262,21.82470741831446,-24.563902022276288,3.326197507,1.678641732,,,,82.2,1342,5.7,822823,623168,665489,676391,672960,665926,676914,662139,664702,54.75,,,,,,,,3,4,Split-Finger,0,0,0,0,0,0,0,0,Standard,Standard,221,-0.005,0.026,,,,-0.026,,0,0,0.491,0.509,22,22,23,22,1,0,,,,,2.71,0.78,-0.78,,,,,,
FS,2026-04-28,82.6,-0.25,7.22,"Yesavage, Trey",701350,702056,,swinging_strike,,,,,8,Swinging Strike,R,L,R,TOR,BOS,S,,,1,1,2026,-1.12,0.89,-0.2253819263030926,1.5838275898698218,,575929,,1,1,Top,,,,,,,2.232115070187016,-120.22453164770212,-7.798693743526304,-11.30275150995304,21.674872685076764,-22.29266300539331,3.326197507,1.678641732,,,,82.1,1676,5.8,822823,623168,665489,676391,672960,665926,676914,662139,664702,54.72,,,,,,,,3,3,Split-Finger,0,0,0,0,0,0,0,0,Standard,Standard,214,0.008,-0.061,72.6,8.8,,0.061,,0,0,0.483,0.517,22,22,23,22,1,0,,,,,2.43,1.12,-1.12,,34.0287384361721,-37.61486450715015,36.91189032720922,36.06467440786149,62.58340214811338
FS,2026-04-28,83.5,-0.26,7.3,"Yesavage, Trey",701350,702056,,called_strike,,,,,2,Called Strike,R,L,R,TOR,BOS,S,,,1,0,2026,-1.12,0.63,0.1196344997174254,2.8596457706029033,,575929,,1,1,Top,,,,,,,3.0671296226156484,-121.66801014762804,-4.8377615237831115,-11.726243203368709,21.878987224069085,-25.193381881537945,3.326197507,1.678641732,,,,83.1,1669,5.7,822823,623168,665489,676391,672960,665926,676914,662139,664702,54.77,,,,,,,,3,2,Split-Finger,0,0,0,0,0,0,0,0,Standard,Standard,219,0.004,-0.042,,,,0.042,,0,0,0.479,0.521,22,22,23,22,1,0,,,,,2.61,1.12,-1.12,,,,,,
FF,2026-04-28,95.7,-0.15,7.18,"Yesavage, Trey",701350,702056,,ball,,,,,11,Ball,R,L,R,TOR,BOS,B,,,0,0,2026,-0.38,1.92,-1.397389681631089,4.611921547594201,,575929,,1,1,Top,,,,,,,-2.3496820766086377,-139.3033923848934,-5.359851926459617,-4.434793863182726,31.01531219500282,-6.1380975702686875,3.326197507,1.678641732,,,,95.1,2359,5.9,822823,623168,665489,676391,672960,665926,676914,662139,664702,54.57,,,,,,,,3,1,4-Seam Fastball,0,0,0,0,0,0,0,0,Standard,Standard,194,-0.002,0.028,,,,-0.028,,0,0,0.481,0.519,22,22,23,22,1,0,,,,,0.56,0.38,-0.38,,,,,,
FF,2026-04-28,94.8,-0.24,7.15,"Yesavage, Trey",575929,702056,double,hit_into_play,,,,,3,Willson Contreras doubles (3) on a sharp line drive to left fielder Davis Schneider.,R,R,R,TOR,BOS,X,7,line_drive,1,0,2026,-0.07,1.62,0.403002210069073,2.77722627139444,,,,1,1,Top,31.14,107.33,,,,,1.7953412985851365,-137.8633448010762,-9.122913882639216,-1.293286322431957,31.25728666122797,-9.642304648475712,3.229658793,1.62992126,324,104.3,21,94.0,2210,5.9,822823,623168,665489,676391,672960,665926,676914,662139,664702,54.6,0.657,0.954,1.25,1,1,1,6,2,2,4-Seam Fastball,0,0,0,0,0,0,0,0,Strategic,Standard,194,-0.039,0.602,77.1,8.4,1.624,-0.602,104.3,0,0,0.52,0.48,22,34,23,34,1,0,,,,,0.92,0.07,0.07,,7.389514593306196,-26.379825509544805,35.66298543526713,39.606582399116846,35.44669698483895
FF,2026-04-28,94.8,-0.38,7.13,"Yesavage, Trey",575929,702056,,ball,,,,,11,Ball,R,R,R,TOR,BOS,B,,,0,0,2026,-0.21,1.59,-0.0624384596830812,4.158803801051124,,,,1,1,Top,,,,,,,1.2766532576175955,-137.93991042565509,-5.478375871882044,-2.932899250949662,31.157244665292815,-10.905157791108332,3.229658793,1.62992126,,,,94.5,2245,6.1,822823,623168,665489,676391,672960,665926,676914,662139,664702,54.37,,,,,,,,2,1,4-Seam Fastball,0,0,0,0,0,0,0,0,Strategic,Standard,195,-0.002,0.039,,,,-0.039,,0,0,0.522,0.478,22,34,23,34,1,0,,,,,0.95,0.21,0.21,,,,,,
FS,2026-04-28,83.8,-0.27,7.25,"Yesavage, Trey",680776,702056,field_out,hit_into_play,,,,,8,"Jarren Duran grounds out, second baseman Ernie Clement to first baseman Vladimir Guerrero Jr.",R,L,R,TOR,BOS,X,4,ground_ball,2,2,2026,-1.11,0.58,0.044845936454686,1.7383803918247804,,,,0,1,Top,137.95,146.8,,,,,2.9363362295511175,-121.86851938260658,-7.167817070528255,-11.666815845226289,23.7033370340812,-25.15169434446836,3.229658793,1.62992126,36,77.5,0,83.3,1765,5.9,822823,623168,665489,676391,672960,665926,676914,662139,664702,54.56,0.119,0.114,0.0,1,0,0,2,1,5,Split-Finger,0,0,0,0,0,0,0,0,Infield shade,Standard,219,0.019,-0.232,83.1,8.4,0.146,0.232,88.0,0,0,0.503,0.497,22,29,23,30,1,0,,,,,2.66,1.11,-1.11,,-0.388090674898866,-22.402102511600948,36.03211814679584,41.189545597228445,44.57635589675294
FF,2026-04-28,93.9,-0.28,7.07,"Yesavage, Trey",680776,702056,,foul,,,,,4,Foul,R,L,R,TOR,BOS,S,,,2,1,2026,-0.42,1.76,-0.545712402998723,2.4969984855473153,,,,0,1,Top,,,,,,,0.2565296425368569,-136.5013319215611,-9.747552434527778,-5.303045707391716,31.254511086932407,-8.19619210132827,3.229658793,1.62992126,155,65.2,59,93.4,2320,6.1,822823,623168,665489,676391,672960,665926,676914,662139,664702,54.36,,,,,,,,1,4,4-Seam Fastball,0,0,0,0,0,0,0,0,Infield shade,Standard,196,0.007,-0.073,68.2,7.8,,0.073,88.0,0,0,0.496,0.504,22,29,23,30,1,0,,,,,0.84,0.42,-0.42,,13.758984042251043,0.8237070445732951,21.29009701423321,49.16190314431701,29.194983043619125
FF,2026-04-28,94.6,-0.35,7.24,"Yesavage, Trey",680776,702056,,ball,,,,,11,Ball,R,L,R,TOR,BOS,B,,,1,1,2026,-0.45,1.72,-1.352035572933015,3.341460009601449,,,,0,1,Top,,,,,,,-1.5356990687088885,-137.60346996773507,-8.080527852643712,-5.360780258049046,31.402078693809734,-8.750979462401132,3.229658793,1.62992126,,,,93.8,2356,5.9,822823,623168,665489,676391,672960,665926,676914,662139,664702,54.6,,,,,,,,1,3,4-Seam Fastball,0,0,0,0,0,0,0,0,Infield shade,Standard,194,-0.005,0.055,,,,-0.055,,0,0,0.501,0.499,22,29,23,30,1,0,,,,,0.84,0.45,-0.45,,,,,,
FF,2026-04-28,95.5,-0.42,7.14,"Yesavage, Trey",680776,702056,,ball,,,,,12,Ball,R,L,R,TOR,BOS,B,,,0,1,2026,-0.27,1.59,0.8119714164380548,3.921222422780323,,,,0,1,Top,,,,,,,3.786660477295685,-138.93430943258218,-6.222644345555709,-4.334692415128014,32.020560521460915,-10.413971283085584,3.229658793,1.62992126,,,,94.9,2231,6.0,822823,623168,665489,676391,672960,665926,676914,662139,664702,54.46,,,,,,,,1,2,4-Seam Fastball,0,0,0,0,0,0,0,0,Infield shade,Standard,196,-0.002,0.031,,,,-0.031,,0,0,0.503,0.497,22,29,23,30,1,0,,,,,0.92,0.27,-0.27,,,,,,
FF,2026-04-28,95.0,-0.27,7.02,"Yesavage, Trey",680776,702056,,called_strike,,,,,8,Called Strike,R,L,R,TOR,BOS,S,,,0,0,2026,-0.21,1.59,-0.2123161846618044,1.995190876871932,,,,0,1,Top,,,,,,,0.631045752134059,-137.92690209992494,-10.758291724793748,-2.7863990105608005,31.767248913954344,-9.65818200462659,3.229658793,1.62992126,,,,94.4,2246,6.2,822823,623168,665489,676391,672960,665926,676914,662139,664702,54.33,,,,,,,,1,1,4-Seam Fastball,0,0,0,0,0,0,0,0,Infield shade,Standard,197,0.003,-0.039,,,,0.039,,0,0,0.5,0.5,22,29,23,30,1,0,,,,,0.95,0.21,-0.21,,,,,,
